STATECD_FIA,COUNTYCD,FIPS,COUNTY_NAME,FIA_SU,STATECD_NWOS
1,1,1001,Autauga,6,1
1,3,1003,Baldwin,5,1
1,5,1005,Barbour,6,1
1,7,1007,Bibb,3,1
1,9,1009,Blount,2,1
1,11,1011,Bullock,6,1
1,13,1013,Butler,6,1
1,15,1015,Calhoun,2,1
1,17,1017,Chambers,6,1
1,19,1019,Cherokee,2,1
1,21,1021,Chilton,6,1
1,23,1023,Choctaw,4,1
1,25,1025,Clarke,4,1
1,27,1027,Clay,2,1
1,29,1029,Cleburne,2,1
1,31,1031,Coffee,6,1
1,33,1033,Colbert,1,1
1,35,1035,Conecuh,4,1
1,37,1037,Coosa,2,1
1,39,1039,Covington,5,1
1,41,1041,Crenshaw,6,1
1,43,1043,Cullman,2,1
1,45,1045,Dale,6,1
1,47,1047,Dallas,6,1
1,49,1049,DeKalb,1,1
1,51,1051,Elmore,6,1
1,53,1053,Escambia,5,1
1,55,1055,Etowah,2,1
1,57,1057,Fayette,3,1
1,59,1059,Franklin,1,1
1,61,1061,Geneva,6,1
1,63,1063,Greene,3,1
1,65,1065,Hale,3,1
1,67,1067,Henry,6,1
1,69,1069,Houston,6,1
1,71,1071,Jackson,1,1
1,73,1073,Jefferson,2,1
1,75,1075,Lamar,3,1
1,77,1077,Lauderdale,1,1
1,79,1079,Lawrence,1,1
1,81,1081,Lee,6,1
1,83,1083,Limestone,1,1
1,85,1085,Lowndes,6,1
1,87,1087,Macon,6,1
1,89,1089,Madison,1,1
1,91,1091,Marengo,4,1
1,93,1093,Marion,3,1
1,95,1095,Marshall,1,1
1,97,1097,Mobile,5,1
1,99,1099,Monroe,4,1
1,101,1101,Montgomery,6,1
1,103,1103,Morgan,1,1
1,105,1105,Perry,3,1
1,107,1107,Pickens,3,1
1,109,1109,Pike,6,1
1,111,1111,Randolph,2,1
1,113,1113,Russell,6,1
1,115,1115,St. Clair,2,1
1,117,1117,Shelby,2,1
1,119,1119,Sumter,4,1
1,121,1121,Talladega,2,1
1,123,1123,Tallapoosa,6,1
1,125,1125,Tuscaloosa,3,1
1,127,1127,Walker,2,1
1,129,1129,Washington,5,1
1,131,1131,Wilcox,4,1
1,133,1133,Winston,2,1
2,13,2013,Aleutians East Borough,3,2.2
2,16,2016,Aleutians West Census Area,3,2.2
2,20,2020,Anchorage Borough,2,2.1
2,50,2050,Bethel Census Area,3,2.2
2,60,2060,Bristol Bay Borough,3,2.2
2,68,2068,Denali Borough,2,2.2
2,70,2070,Dillingham Census Area,3,2.2
2,90,2090,Fairbanks North Star Borough,4,2.2
2,100,2100,Haines Borough,1,2.1
2,110,2110,Juneau Borough,1,2.1
2,122,2122,Kenai Peninsula Borough,2,2.1
2,130,2130,Ketchikan Gateway Borough,1,2.1
2,150,2150,Kodiak Island Borough,3,2.1
2,164,2164,Lake and Peninsula Borough,3,2.2
2,170,2170,Matanuska-Susitna Borough,2,2.2
2,180,2180,Nome Census Area,5,2.2
2,185,2185,North Slope Borough,5,2.2
2,188,2188,Northwest Arctic Borough,5,2.2
2,201,2201,Prince of Wales-Outer Ketchikan Census Area,1,2.1
2,220,2220,Sitka Borough,1,2.1
2,232,2232,Skagway-Hoonah-Angoon,1,2.1
2,240,2240,Southeast Fairbanks Census Area,4,2.2
2,261,2261,Valdez-Cordova Census Area,2,2.1
2,270,2270,Wade Hampton Census Area,3,2.2
2,280,2280,Wrangell-Petersburg Census Area,1,2.1
2,282,2282,Yakutat,1,2.1
2,290,2290,Yukon-Koyukuk Census Area,4,2.2
4,1,4001,Apache,1,4
4,3,4003,Cochise,2,4
4,5,4005,Coconino,1,4
4,7,4007,Gila,1,4
4,9,4009,Graham,2,4
4,11,4011,Greenlee,2,4
4,12,4012,La Paz,2,4
4,13,4013,Maricopa,2,4
4,15,4015,Mohave,1,4
4,17,4017,Navajo,1,4
4,19,4019,Pima,2,4
4,21,4021,Pinal,2,4
4,23,4023,Santa Cruz,2,4
4,25,4025,Yavapai,1,4
4,27,4027,Yuma,2,4
5,1,5001,Arkansas,4,5
5,3,5003,Ashley,5,5
5,5,5005,Baxter,1,5
5,7,5007,Benton,1,5
5,9,5009,Boone,1,5
5,11,5011,Bradley,5,5
5,13,5013,Calhoun,5,5
5,15,5015,Carroll,1,5
5,17,5017,Chicot,4,5
5,19,5019,Clark,5,5
5,21,5021,Clay,3,5
5,23,5023,Cleburne,1,5
5,25,5025,Cleveland,5,5
5,27,5027,Columbia,5,5
5,29,5029,Conway,1,5
5,31,5031,Craighead,3,5
5,33,5033,Crawford,1,5
5,35,5035,Crittenden,3,5
5,37,5037,Cross,3,5
5,39,5039,Dallas,5,5
5,41,5041,Desha,4,5
5,43,5043,Drew,5,5
5,45,5045,Faulkner,1,5
5,47,5047,Franklin,1,5
5,49,5049,Fulton,1,5
5,51,5051,Garland,2,5
5,53,5053,Grant,5,5
5,55,5055,Greene,3,5
5,57,5057,Hempstead,5,5
5,59,5059,Hot Spring,5,5
5,61,5061,Howard,5,5
5,63,5063,Independence,1,5
5,65,5065,Izard,1,5
5,67,5067,Jackson,3,5
5,69,5069,Jefferson,4,5
5,71,5071,Johnson,1,5
5,73,5073,Lafayette,5,5
5,75,5075,Lawrence,3,5
5,77,5077,Lee,4,5
5,79,5079,Lincoln,4,5
5,81,5081,Little River,5,5
5,83,5083,Logan,2,5
5,85,5085,Lonoke,4,5
5,87,5087,Madison,1,5
5,89,5089,Marion,1,5
5,91,5091,Miller,5,5
5,93,5093,Mississippi,3,5
5,95,5095,Monroe,4,5
5,97,5097,Montgomery,2,5
5,99,5099,Nevada,5,5
5,101,5101,Newton,1,5
5,103,5103,Ouachita,5,5
5,105,5105,Perry,2,5
5,107,5107,Phillips,4,5
5,109,5109,Pike,5,5
5,111,5111,Poinsett,3,5
5,113,5113,Polk,2,5
5,115,5115,Pope,1,5
5,117,5117,Prairie,4,5
5,119,5119,Pulaski,2,5
5,121,5121,Randolph,1,5
5,123,5123,St. Francis,3,5
5,125,5125,Saline,2,5
5,127,5127,Scott,2,5
5,129,5129,Searcy,1,5
5,131,5131,Sebastian,2,5
5,133,5133,Sevier,5,5
5,135,5135,Sharp,1,5
5,137,5137,Stone,1,5
5,139,5139,Union,5,5
5,141,5141,Van Buren,1,5
5,143,5143,Washington,1,5
5,145,5145,White,1,5
5,147,5147,Woodruff,3,5
5,149,5149,Yell,2,5
6,1,6001,Alameda,5,6
6,3,6003,Alpine,4,6
6,5,6005,Amador,4,6
6,7,6007,Butte,3,6
6,9,6009,Calaveras,4,6
6,11,6011,Colusa,3,6
6,13,6013,Contra Costa,5,6
6,15,6015,Del Norte,1,6
6,17,6017,El Dorado,3,6
6,19,6019,Fresno,4,6
6,21,6021,Glenn,3,6
6,23,6023,Humboldt,1,6
6,25,6025,Imperial,6,6
6,27,6027,Inyo,6,6
6,29,6029,Kern,4,6
6,31,6031,Kings,4,6
6,33,6033,Lake,3,6
6,35,6035,Lassen,2,6
6,37,6037,Los Angeles,6,6
6,39,6039,Madera,4,6
6,41,6041,Marin,5,6
6,43,6043,Mariposa,4,6
6,45,6045,Mendocino,1,6
6,47,6047,Merced,4,6
6,49,6049,Modoc,2,6
6,51,6051,Mono,4,6
6,53,6053,Monterey,5,6
6,55,6055,Napa,3,6
6,57,6057,Nevada,3,6
6,59,6059,Orange,6,6
6,61,6061,Placer,3,6
6,63,6063,Plumas,3,6
6,65,6065,Riverside,6,6
6,67,6067,Sacramento,3,6
6,69,6069,San Benito,5,6
6,71,6071,San Bernardino,6,6
6,73,6073,San Diego,6,6
6,75,6075,San Francisco,5,6
6,77,6077,San Joaquin,4,6
6,79,6079,San Luis Obispo,5,6
6,81,6081,San Mateo,5,6
6,83,6083,Santa Barbara,5,6
6,85,6085,Santa Clara,5,6
6,87,6087,Santa Cruz,5,6
6,89,6089,Shasta,2,6
6,91,6091,Sierra,3,6
6,93,6093,Siskiyou,2,6
6,95,6095,Solano,5,6
6,97,6097,Sonoma,1,6
6,99,6099,Stanislaus,4,6
6,101,6101,Sutter,3,6
6,103,6103,Tehama,3,6
6,105,6105,Trinity,2,6
6,107,6107,Tulare,4,6
6,109,6109,Tuolumne,4,6
6,111,6111,Ventura,5,6
6,113,6113,Yolo,3,6
6,115,6115,Yuba,3,6
8,1,8001,Adams,5,8
8,3,8003,Alamosa,2,8
8,5,8005,Arapahoe,5,8
8,7,8007,Archuleta,1,8
8,9,8009,Baca,5,8
8,11,8011,Bent,5,8
8,13,8013,Boulder,3,8
8,15,8015,Chaffee,4,8
8,17,8017,Cheyenne,5,8
8,19,8019,Clear Creek,3,8
8,21,8021,Conejos,2,8
8,23,8023,Costilla,4,8
8,25,8025,Crowley,5,8
8,27,8027,Custer,4,8
8,29,8029,Delta,1,8
8,31,8031,Denver,5,8
8,33,8033,Dolores,1,8
8,35,8035,Douglas,3,8
8,37,8037,Eagle,2,8
8,39,8039,Elbert,3,8
8,41,8041,El Paso,3,8
8,43,8043,Fremont,4,8
8,45,8045,Garfield,1,8
8,47,8047,Gilpin,3,8
8,49,8049,Grand,2,8
8,51,8051,Gunnison,2,8
8,53,8053,Hinsdale,2,8
8,55,8055,Huerfano,4,8
8,57,8057,Jackson,2,8
8,59,8059,Jefferson,3,8
8,61,8061,Kiowa,5,8
8,63,8063,Kit Carson,5,8
8,65,8065,Lake,3,8
8,67,8067,La Plata,1,8
8,69,8069,Larimer,3,8
8,71,8071,Las Animas,4,8
8,73,8073,Lincoln,5,8
8,75,8075,Logan,5,8
8,77,8077,Mesa,1,8
8,79,8079,Mineral,2,8
8,81,8081,Moffat,1,8
8,83,8083,Montezuma,1,8
8,85,8085,Montrose,1,8
8,87,8087,Morgan,5,8
8,89,8089,Otero,5,8
8,91,8091,Ouray,1,8
8,93,8093,Park,3,8
8,95,8095,Phillips,5,8
8,97,8097,Pitkin,2,8
8,99,8099,Prowers,5,8
8,101,8101,Pueblo,4,8
8,103,8103,Rio Blanco,1,8
8,105,8105,Rio Grande,2,8
8,107,8107,Routt,2,8
8,109,8109,Saguache,2,8
8,111,8111,San Juan,2,8
8,113,8113,San Miguel,1,8
8,115,8115,Sedgwick,5,8
8,117,8117,Summit,2,8
8,119,8119,Teller,3,8
8,121,8121,Washington,5,8
8,123,8123,Weld,5,8
8,125,8125,Yuma,5,8
9,1,9001,Fairfield,2,9
9,3,9003,Hartford,2,9
9,5,9005,Litchfield,2,9
9,7,9007,Middlesex,1,9
9,9,9009,New Haven,2,9
9,11,9011,New London,1,9
9,13,9013,Tolland,1,9
9,15,9015,Windham,1,9
10,1,10001,Kent,2,10
10,3,10003,New Castle,1,10
10,5,10005,Sussex,3,10
11,1,11001,District of Columbia,1,11
12,1,12001,Alachua,1,12
12,3,12003,Baker,1,12
12,5,12005,Bay,2,12
12,7,12007,Bradford,1,12
12,9,12009,Brevard,3,12
12,11,12011,Broward,4,12
12,13,12013,Calhoun,2,12
12,15,12015,Charlotte,4,12
12,17,12017,Citrus,3,12
12,19,12019,Clay,1,12
12,21,12021,Collier,4,12
12,23,12023,Columbia,1,12
12,25,12025,Dade,4,12
12,27,12027,DeSoto,3,12
12,29,12029,Dixie,1,12
12,31,12031,Duval,1,12
12,33,12033,Escambia,2,12
12,35,12035,Flagler,1,12
12,37,12037,Franklin,2,12
12,39,12039,Gadsden,2,12
12,41,12041,Gilchrist,1,12
12,43,12043,Glades,4,12
12,45,12045,Gulf,2,12
12,47,12047,Hamilton,1,12
12,49,12049,Hardee,3,12
12,51,12051,Hendry,4,12
12,53,12053,Hernando,3,12
12,55,12055,Highlands,3,12
12,57,12057,Hillsborough,3,12
12,59,12059,Holmes,2,12
12,61,12061,Indian River,3,12
12,63,12063,Jackson,2,12
12,65,12065,Jefferson,2,12
12,67,12067,Lafayette,1,12
12,69,12069,Lake,3,12
12,71,12071,Lee,4,12
12,73,12073,Leon,2,12
12,75,12075,Levy,1,12
12,77,12077,Liberty,2,12
12,79,12079,Madison,1,12
12,81,12081,Manatee,3,12
12,83,12083,Marion,1,12
12,85,12085,Martin,4,12
12,86,12086,Miami-Dade,4,12
12,87,12087,Monroe,4,12
12,89,12089,Nassau,1,12
12,91,12091,Okaloosa,2,12
12,93,12093,Okeechobee,3,12
12,95,12095,Orange,3,12
12,97,12097,Osceola,3,12
12,99,12099,Palm Beach,4,12
12,101,12101,Pasco,3,12
12,103,12103,Pinellas,3,12
12,105,12105,Polk,3,12
12,107,12107,Putnam,1,12
12,109,12109,St. Johns,1,12
12,111,12111,St. Lucie,3,12
12,113,12113,Santa Rosa,2,12
12,115,12115,Sarasota,3,12
12,117,12117,Seminole,3,12
12,119,12119,Sumter,3,12
12,121,12121,Suwannee,1,12
12,123,12123,Taylor,1,12
12,125,12125,Union,1,12
12,127,12127,Volusia,1,12
12,129,12129,Wakulla,2,12
12,131,12131,Walton,2,12
12,133,12133,Washington,2,12
13,1,13001,Appling,4,13
13,3,13003,Atkinson,4,13
13,5,13005,Bacon,4,13
13,7,13007,Baker,5,13
13,9,13009,Baldwin,3,13
13,11,13011,Banks,2,13
13,13,13013,Barrow,2,13
13,15,13015,Bartow,1,13
13,17,13017,Ben Hill,5,13
13,19,13019,Berrien,5,13
13,21,13021,Bibb,3,13
13,23,13023,Bleckley,3,13
13,25,13025,Brantley,4,13
13,27,13027,Brooks,5,13
13,29,13029,Bryan,4,13
13,31,13031,Bulloch,4,13
13,33,13033,Burke,3,13
13,35,13035,Butts,3,13
13,37,13037,Calhoun,3,13
13,39,13039,Camden,4,13
13,43,13043,Candler,4,13
13,45,13045,Carroll,2,13
13,47,13047,Catoosa,1,13
13,49,13049,Charlton,4,13
13,51,13051,Chatham,4,13
13,53,13053,Chattahoochee,3,13
13,55,13055,Chattooga,1,13
13,57,13057,Cherokee,1,13
13,59,13059,Clarke,2,13
13,61,13061,Clay,3,13
13,63,13063,Clayton,2,13
13,65,13065,Clinch,4,13
13,67,13067,Cobb,2,13
13,69,13069,Coffee,4,13
13,71,13071,Colquitt,5,13
13,73,13073,Columbia,3,13
13,75,13075,Cook,5,13
13,77,13077,Coweta,2,13
13,79,13079,Crawford,3,13
13,81,13081,Crisp,5,13
13,83,13083,Dade,1,13
13,85,13085,Dawson,1,13
13,87,13087,Decatur,5,13
13,89,13089,DeKalb,2,13
13,91,13091,Dodge,4,13
13,93,13093,Dooly,5,13
13,95,13095,Dougherty,3,13
13,97,13097,Douglas,2,13
13,99,13099,Early,5,13
13,101,13101,Echols,4,13
13,103,13103,Effingham,4,13
13,105,13105,Elbert,2,13
13,107,13107,Emanuel,4,13
13,109,13109,Evans,4,13
13,111,13111,Fannin,1,13
13,113,13113,Fayette,2,13
13,115,13115,Floyd,1,13
13,117,13117,Forsyth,2,13
13,119,13119,Franklin,2,13
13,121,13121,Fulton,2,13
13,123,13123,Gilmer,1,13
13,125,13125,Glascock,3,13
13,127,13127,Glynn,4,13
13,129,13129,Gordon,1,13
13,131,13131,Grady,5,13
13,133,13133,Greene,3,13
13,135,13135,Gwinnett,2,13
13,137,13137,Habersham,1,13
13,139,13139,Hall,2,13
13,141,13141,Hancock,3,13
13,143,13143,Haralson,2,13
13,145,13145,Harris,3,13
13,147,13147,Hart,2,13
13,149,13149,Heard,2,13
13,151,13151,Henry,2,13
13,153,13153,Houston,3,13
13,155,13155,Irwin,5,13
13,157,13157,Jackson,2,13
13,159,13159,Jasper,3,13
13,161,13161,Jeff Davis,4,13
13,163,13163,Jefferson,3,13
13,165,13165,Jenkins,4,13
13,167,13167,Johnson,4,13
13,169,13169,Jones,3,13
13,171,13171,Lamar,3,13
13,173,13173,Lanier,5,13
13,175,13175,Laurens,4,13
13,177,13177,Lee,3,13
13,179,13179,Liberty,4,13
13,181,13181,Lincoln,3,13
13,183,13183,Long,4,13
13,185,13185,Lowndes,5,13
13,187,13187,Lumpkin,1,13
13,189,13189,McDuffie,3,13
13,191,13191,McIntosh,4,13
13,193,13193,Macon,3,13
13,195,13195,Madison,2,13
13,197,13197,Marion,3,13
13,199,13199,Meriwether,2,13
13,201,13201,Miller,5,13
13,205,13205,Mitchell,5,13
13,207,13207,Monroe,3,13
13,209,13209,Montgomery,4,13
13,211,13211,Morgan,3,13
13,213,13213,Murray,1,13
13,215,13215,Muscogee,3,13
13,217,13217,Newton,2,13
13,219,13219,Oconee,2,13
13,221,13221,Oglethorpe,2,13
13,223,13223,Paulding,2,13
13,225,13225,Peach,3,13
13,227,13227,Pickens,1,13
13,229,13229,Pierce,4,13
13,231,13231,Pike,3,13
13,233,13233,Polk,2,13
13,235,13235,Pulaski,3,13
13,237,13237,Putnam,3,13
13,239,13239,Quitman,3,13
13,241,13241,Rabun,1,13
13,243,13243,Randolph,3,13
13,245,13245,Richmond,3,13
13,247,13247,Rockdale,2,13
13,249,13249,Schley,3,13
13,251,13251,Screven,4,13
13,253,13253,Seminole,5,13
13,255,13255,Spalding,2,13
13,257,13257,Stephens,1,13
13,259,13259,Stewart,3,13
13,261,13261,Sumter,3,13
13,263,13263,Talbot,3,13
13,265,13265,Taliaferro,3,13
13,267,13267,Tattnall,4,13
13,269,13269,Taylor,3,13
13,271,13271,Telfair,4,13
13,273,13273,Terrell,3,13
13,275,13275,Thomas,5,13
13,277,13277,Tift,5,13
13,279,13279,Toombs,4,13
13,281,13281,Towns,1,13
13,283,13283,Treutlen,4,13
13,285,13285,Troup,2,13
13,287,13287,Turner,5,13
13,289,13289,Twiggs,3,13
13,291,13291,Union,1,13
13,293,13293,Upson,3,13
13,295,13295,Walker,1,13
13,297,13297,Walton,2,13
13,299,13299,Ware,4,13
13,301,13301,Warren,3,13
13,303,13303,Washington,3,13
13,305,13305,Wayne,4,13
13,307,13307,Webster,3,13
13,309,13309,Wheeler,4,13
13,311,13311,White,1,13
13,313,13313,Whitfield,1,13
13,315,13315,Wilcox,5,13
13,317,13317,Wilkes,3,13
13,319,13319,Wilkinson,3,13
13,321,13321,Worth,5,13
15,1,15001,Hawaii,1,15
15,3,15003,Honolulu,3,15
15,5,15005,Kalawao,2,15
15,7,15007,Kauai,4,15
15,9,15009,Maui,2,15
16,1,16001,Ada,4,16
16,3,16003,Adams,3,16
16,5,16005,Bannock,6,16
16,7,16007,Bear Lake,6,16
16,9,16009,Benewah,1,16
16,11,16011,Bingham,6,16
16,13,16013,Blaine,5,16
16,15,16015,Boise,4,16
16,17,16017,Bonner,1,16
16,19,16019,Bonneville,6,16
16,21,16021,Boundary,1,16
16,23,16023,Butte,6,16
16,25,16025,Camas,5,16
16,27,16027,Canyon,4,16
16,29,16029,Caribou,6,16
16,31,16031,Cassia,5,16
16,33,16033,Clark,6,16
16,35,16035,Clearwater,2,16
16,37,16037,Custer,6,16
16,39,16039,Elmore,4,16
16,41,16041,Franklin,6,16
16,43,16043,Fremont,6,16
16,45,16045,Gem,4,16
16,47,16047,Gooding,5,16
16,49,16049,Idaho,2,16
16,51,16051,Jefferson,6,16
16,53,16053,Jerome,5,16
16,55,16055,Kootenai,1,16
16,57,16057,Latah,2,16
16,59,16059,Lemhi,6,16
16,61,16061,Lewis,2,16
16,63,16063,Lincoln,5,16
16,65,16065,Madison,6,16
16,67,16067,Minidoka,5,16
16,69,16069,Nez Perce,2,16
16,71,16071,Oneida,6,16
16,73,16073,Owyhee,4,16
16,75,16075,Payette,4,16
16,77,16077,Power,6,16
16,79,16079,Shoshone,1,16
16,81,16081,Teton,6,16
16,83,16083,Twin Falls,5,16
16,85,16085,Valley,3,16
16,87,16087,Washington,3,16
17,1,17001,Adams,3,17
17,3,17003,Alexander,1,17
17,5,17005,Bond,2,17
17,7,17007,Boone,3,17
17,9,17009,Brown,3,17
17,11,17011,Bureau,3,17
17,13,17013,Calhoun,2,17
17,15,17015,Carroll,3,17
17,17,17017,Cass,3,17
17,19,17019,Champaign,3,17
17,21,17021,Christian,3,17
17,23,17023,Clark,2,17
17,25,17025,Clay,2,17
17,27,17027,Clinton,2,17
17,29,17029,Coles,3,17
17,31,17031,Cook,3,17
17,33,17033,Crawford,2,17
17,35,17035,Cumberland,2,17
17,37,17037,DeKalb,3,17
17,39,17039,De Witt,3,17
17,41,17041,Douglas,3,17
17,43,17043,DuPage,3,17
17,45,17045,Edgar,3,17
17,47,17047,Edwards,2,17
17,49,17049,Effingham,2,17
17,51,17051,Fayette,2,17
17,53,17053,Ford,3,17
17,55,17055,Franklin,1,17
17,57,17057,Fulton,3,17
17,59,17059,Gallatin,1,17
17,61,17061,Greene,2,17
17,63,17063,Grundy,3,17
17,65,17065,Hamilton,1,17
17,67,17067,Hancock,3,17
17,69,17069,Hardin,1,17
17,71,17071,Henderson,3,17
17,73,17073,Henry,3,17
17,75,17075,Iroquois,3,17
17,77,17077,Jackson,1,17
17,79,17079,Jasper,2,17
17,81,17081,Jefferson,2,17
17,83,17083,Jersey,2,17
17,85,17085,Jo Daviess,3,17
17,87,17087,Johnson,1,17
17,89,17089,Kane,3,17
17,91,17091,Kankakee,3,17
17,93,17093,Kendall,3,17
17,95,17095,Knox,3,17
17,97,17097,Lake,3,17
17,99,17099,La Salle,3,17
17,101,17101,Lawrence,2,17
17,103,17103,Lee,3,17
17,105,17105,Livingston,3,17
17,107,17107,Logan,3,17
17,109,17109,McDonough,3,17
17,111,17111,McHenry,3,17
17,113,17113,McLean,3,17
17,115,17115,Macon,3,17
17,117,17117,Macoupin,2,17
17,119,17119,Madison,2,17
17,121,17121,Marion,2,17
17,123,17123,Marshall,3,17
17,125,17125,Mason,3,17
17,127,17127,Massac,1,17
17,129,17129,Menard,3,17
17,131,17131,Mercer,3,17
17,133,17133,Monroe,2,17
17,135,17135,Montgomery,2,17
17,137,17137,Morgan,3,17
17,139,17139,Moultrie,3,17
17,141,17141,Ogle,3,17
17,143,17143,Peoria,3,17
17,145,17145,Perry,1,17
17,147,17147,Piatt,3,17
17,149,17149,Pike,3,17
17,151,17151,Pope,1,17
17,153,17153,Pulaski,1,17
17,155,17155,Putnam,3,17
17,157,17157,Randolph,1,17
17,159,17159,Richland,2,17
17,161,17161,Rock Island,3,17
17,163,17163,St. Clair,2,17
17,165,17165,Saline,1,17
17,167,17167,Sangamon,3,17
17,169,17169,Schuyler,3,17
17,171,17171,Scott,3,17
17,173,17173,Shelby,2,17
17,175,17175,Stark,3,17
17,177,17177,Stephenson,3,17
17,179,17179,Tazewell,3,17
17,181,17181,Union,1,17
17,183,17183,Vermilion,3,17
17,185,17185,Wabash,2,17
17,187,17187,Warren,3,17
17,189,17189,Washington,2,17
17,191,17191,Wayne,2,17
17,193,17193,White,1,17
17,195,17195,Whiteside,3,17
17,197,17197,Will,3,17
17,199,17199,Williamson,1,17
17,201,17201,Winnebago,3,17
17,203,17203,Woodford,3,17
18,1,18001,Adams,4,18
18,3,18003,Allen,4,18
18,5,18005,Bartholomew,4,18
18,7,18007,Benton,4,18
18,9,18009,Blackford,4,18
18,11,18011,Boone,4,18
18,13,18013,Brown,2,18
18,15,18015,Carroll,4,18
18,17,18017,Cass,4,18
18,19,18019,Clark,2,18
18,21,18021,Clay,1,18
18,23,18023,Clinton,4,18
18,25,18025,Crawford,2,18
18,27,18027,Daviess,1,18
18,29,18029,Dearborn,3,18
18,31,18031,Decatur,4,18
18,33,18033,De Kalb,4,18
18,35,18035,Delaware,4,18
18,37,18037,Dubois,2,18
18,39,18039,Elkhart,4,18
18,41,18041,Fayette,3,18
18,43,18043,Floyd,2,18
18,45,18045,Fountain,4,18
18,47,18047,Franklin,3,18
18,49,18049,Fulton,4,18
18,51,18051,Gibson,1,18
18,53,18053,Grant,4,18
18,55,18055,Greene,1,18
18,57,18057,Hamilton,4,18
18,59,18059,Hancock,4,18
18,61,18061,Harrison,2,18
18,63,18063,Hendricks,4,18
18,65,18065,Henry,4,18
18,67,18067,Howard,4,18
18,69,18069,Huntington,4,18
18,71,18071,Jackson,2,18
18,73,18073,Jasper,4,18
18,75,18075,Jay,4,18
18,77,18077,Jefferson,3,18
18,79,18079,Jennings,3,18
18,81,18081,Johnson,4,18
18,83,18083,Knox,1,18
18,85,18085,Kosciusko,4,18
18,87,18087,Lagrange,4,18
18,89,18089,Lake,4,18
18,91,18091,La Porte,4,18
18,93,18093,Lawrence,2,18
18,95,18095,Madison,4,18
18,97,18097,Marion,4,18
18,99,18099,Marshall,4,18
18,101,18101,Martin,1,18
18,103,18103,Miami,4,18
18,105,18105,Monroe,2,18
18,107,18107,Montgomery,4,18
18,109,18109,Morgan,2,18
18,111,18111,Newton,4,18
18,113,18113,Noble,4,18
18,115,18115,Ohio,3,18
18,117,18117,Orange,2,18
18,119,18119,Owen,2,18
18,121,18121,Parke,1,18
18,123,18123,Perry,2,18
18,125,18125,Pike,1,18
18,127,18127,Porter,4,18
18,129,18129,Posey,1,18
18,131,18131,Pulaski,4,18
18,133,18133,Putnam,1,18
18,135,18135,Randolph,4,18
18,137,18137,Ripley,3,18
18,139,18139,Rush,4,18
18,141,18141,St. Joseph,4,18
18,143,18143,Scott,2,18
18,145,18145,Shelby,4,18
18,147,18147,Spencer,2,18
18,149,18149,Starke,4,18
18,151,18151,Steuben,4,18
18,153,18153,Sullivan,1,18
18,155,18155,Switzerland,3,18
18,157,18157,Tippecanoe,4,18
18,159,18159,Tipton,4,18
18,161,18161,Union,3,18
18,163,18163,Vanderburgh,1,18
18,165,18165,Vermillion,1,18
18,167,18167,Vigo,1,18
18,169,18169,Wabash,4,18
18,171,18171,Warren,4,18
18,173,18173,Warrick,2,18
18,175,18175,Washington,2,18
18,177,18177,Wayne,4,18
18,179,18179,Wells,4,18
18,181,18181,White,4,18
18,183,18183,Whitley,4,18
19,1,19001,Adair,3,19
19,3,19003,Adams,3,19
19,5,19005,Allamakee,1,19
19,7,19007,Appanoose,2,19
19,9,19009,Audubon,3,19
19,11,19011,Benton,1,19
19,13,19013,Black Hawk,1,19
19,15,19015,Boone,2,19
19,17,19017,Bremer,1,19
19,19,19019,Buchanan,1,19
19,21,19021,Buena Vista,4,19
19,23,19023,Butler,1,19
19,25,19025,Calhoun,4,19
19,27,19027,Carroll,3,19
19,29,19029,Cass,3,19
19,31,19031,Cedar,1,19
19,33,19033,Cerro Gordo,4,19
19,35,19035,Cherokee,4,19
19,37,19037,Chickasaw,1,19
19,39,19039,Clarke,2,19
19,41,19041,Clay,4,19
19,43,19043,Clayton,1,19
19,45,19045,Clinton,1,19
19,47,19047,Crawford,3,19
19,49,19049,Dallas,2,19
19,51,19051,Davis,2,19
19,53,19053,Decatur,2,19
19,55,19055,Delaware,1,19
19,57,19057,Des Moines,2,19
19,59,19059,Dickinson,4,19
19,61,19061,Dubuque,1,19
19,63,19063,Emmet,4,19
19,65,19065,Fayette,1,19
19,67,19067,Floyd,1,19
19,69,19069,Franklin,4,19
19,71,19071,Fremont,3,19
19,73,19073,Greene,3,19
19,75,19075,Grundy,1,19
19,77,19077,Guthrie,2,19
19,79,19079,Hamilton,2,19
19,81,19081,Hancock,4,19
19,83,19083,Hardin,2,19
19,85,19085,Harrison,3,19
19,87,19087,Henry,2,19
19,89,19089,Howard,1,19
19,91,19091,Humboldt,4,19
19,93,19093,Ida,4,19
19,95,19095,Iowa,2,19
19,97,19097,Jackson,1,19
19,99,19099,Jasper,2,19
19,101,19101,Jefferson,2,19
19,103,19103,Johnson,1,19
19,105,19105,Jones,1,19
19,107,19107,Keokuk,2,19
19,109,19109,Kossuth,4,19
19,111,19111,Lee,2,19
19,113,19113,Linn,1,19
19,115,19115,Louisa,2,19
19,117,19117,Lucas,2,19
19,119,19119,Lyon,4,19
19,121,19121,Madison,2,19
19,123,19123,Mahaska,2,19
19,125,19125,Marion,2,19
19,127,19127,Marshall,2,19
19,129,19129,Mills,3,19
19,131,19131,Mitchell,1,19
19,133,19133,Monona,3,19
19,135,19135,Monroe,2,19
19,137,19137,Montgomery,3,19
19,139,19139,Muscatine,2,19
19,141,19141,O'Brien,4,19
19,143,19143,Osceola,4,19
19,145,19145,Page,3,19
19,147,19147,Palo Alto,4,19
19,149,19149,Plymouth,4,19
19,151,19151,Pocahontas,4,19
19,153,19153,Polk,2,19
19,155,19155,Pottawattamie,3,19
19,157,19157,Poweshiek,2,19
19,159,19159,Ringgold,3,19
19,161,19161,Sac,4,19
19,163,19163,Scott,1,19
19,165,19165,Shelby,3,19
19,167,19167,Sioux,4,19
19,169,19169,Story,2,19
19,171,19171,Tama,1,19
19,173,19173,Taylor,3,19
19,175,19175,Union,3,19
19,177,19177,Van Buren,2,19
19,179,19179,Wapello,2,19
19,181,19181,Warren,2,19
19,183,19183,Washington,2,19
19,185,19185,Wayne,2,19
19,187,19187,Webster,2,19
19,189,19189,Winnebago,4,19
19,191,19191,Winneshiek,1,19
19,193,19193,Woodbury,3,19
19,195,19195,Worth,4,19
19,197,19197,Wright,4,19
20,1,20001,Allen,2,20
20,3,20003,Anderson,2,20
20,5,20005,Atchison,1,20
20,7,20007,Barber,3,20
20,9,20009,Barton,3,20
20,11,20011,Bourbon,2,20
20,13,20013,Brown,1,20
20,15,20015,Butler,2,20
20,17,20017,Chase,2,20
20,19,20019,Chautauqua,2,20
20,21,20021,Cherokee,2,20
20,23,20023,Cheyenne,3,20
20,25,20025,Clark,3,20
20,27,20027,Clay,1,20
20,29,20029,Cloud,3,20
20,31,20031,Coffey,2,20
20,33,20033,Comanche,3,20
20,35,20035,Cowley,2,20
20,37,20037,Crawford,2,20
20,39,20039,Decatur,3,20
20,41,20041,Dickinson,1,20
20,43,20043,Doniphan,1,20
20,45,20045,Douglas,1,20
20,47,20047,Edwards,3,20
20,49,20049,Elk,2,20
20,51,20051,Ellis,3,20
20,53,20053,Ellsworth,3,20
20,55,20055,Finney,3,20
20,57,20057,Ford,3,20
20,59,20059,Franklin,1,20
20,61,20061,Geary,1,20
20,63,20063,Gove,3,20
20,65,20065,Graham,3,20
20,67,20067,Grant,3,20
20,69,20069,Gray,3,20
20,71,20071,Greeley,3,20
20,73,20073,Greenwood,2,20
20,75,20075,Hamilton,3,20
20,77,20077,Harper,3,20
20,79,20079,Harvey,3,20
20,81,20081,Haskell,3,20
20,83,20083,Hodgeman,3,20
20,85,20085,Jackson,1,20
20,87,20087,Jefferson,1,20
20,89,20089,Jewell,3,20
20,91,20091,Johnson,1,20
20,93,20093,Kearny,3,20
20,95,20095,Kingman,3,20
20,97,20097,Kiowa,3,20
20,99,20099,Labette,2,20
20,101,20101,Lane,3,20
20,103,20103,Leavenworth,1,20
20,105,20105,Lincoln,3,20
20,107,20107,Linn,2,20
20,109,20109,Logan,3,20
20,111,20111,Lyon,2,20
20,113,20113,McPherson,3,20
20,115,20115,Marion,2,20
20,117,20117,Marshall,1,20
20,119,20119,Meade,3,20
20,121,20121,Miami,1,20
20,123,20123,Mitchell,3,20
20,125,20125,Montgomery,2,20
20,127,20127,Morris,2,20
20,129,20129,Morton,3,20
20,131,20131,Nemaha,1,20
20,133,20133,Neosho,2,20
20,135,20135,Ness,3,20
20,137,20137,Norton,3,20
20,139,20139,Osage,1,20
20,141,20141,Osborne,3,20
20,143,20143,Ottawa,3,20
20,145,20145,Pawnee,3,20
20,147,20147,Phillips,3,20
20,149,20149,Pottawatomie,1,20
20,151,20151,Pratt,3,20
20,153,20153,Rawlins,3,20
20,155,20155,Reno,3,20
20,157,20157,Republic,3,20
20,159,20159,Rice,3,20
20,161,20161,Riley,1,20
20,163,20163,Rooks,3,20
20,165,20165,Rush,3,20
20,167,20167,Russell,3,20
20,169,20169,Saline,3,20
20,171,20171,Scott,3,20
20,173,20173,Sedgwick,3,20
20,175,20175,Seward,3,20
20,177,20177,Shawnee,1,20
20,179,20179,Sheridan,3,20
20,181,20181,Sherman,3,20
20,183,20183,Smith,3,20
20,185,20185,Stafford,3,20
20,187,20187,Stanton,3,20
20,189,20189,Stevens,3,20
20,191,20191,Sumner,3,20
20,193,20193,Thomas,3,20
20,195,20195,Trego,3,20
20,197,20197,Wabaunsee,1,20
20,199,20199,Wallace,3,20
20,201,20201,Washington,1,20
20,203,20203,Wichita,3,20
20,205,20205,Wilson,2,20
20,207,20207,Woodson,2,20
20,209,20209,Wyandotte,1,20
21,1,21001,Adair,5,21
21,3,21003,Allen,6,21
21,5,21005,Anderson,4,21
21,7,21007,Ballard,7,21
21,9,21009,Barren,6,21
21,11,21011,Bath,4,21
21,13,21013,Bell,3,21
21,15,21015,Boone,4,21
21,17,21017,Bourbon,4,21
21,19,21019,Boyd,2,21
21,21,21021,Boyle,4,21
21,23,21023,Bracken,4,21
21,25,21025,Breathitt,3,21
21,27,21027,Breckinridge,5,21
21,29,21029,Bullitt,5,21
21,31,21031,Butler,6,21
21,33,21033,Caldwell,6,21
21,35,21035,Calloway,7,21
21,37,21037,Campbell,4,21
21,39,21039,Carlisle,7,21
21,41,21041,Carroll,4,21
21,43,21043,Carter,2,21
21,45,21045,Casey,5,21
21,47,21047,Christian,6,21
21,49,21049,Clark,4,21
21,51,21051,Clay,3,21
21,53,21053,Clinton,5,21
21,55,21055,Crittenden,6,21
21,57,21057,Cumberland,5,21
21,59,21059,Daviess,6,21
21,61,21061,Edmonson,6,21
21,63,21063,Elliott,2,21
21,65,21065,Estill,3,21
21,67,21067,Fayette,4,21
21,69,21069,Fleming,4,21
21,71,21071,Floyd,1,21
21,73,21073,Franklin,4,21
21,75,21075,Fulton,7,21
21,77,21077,Gallatin,4,21
21,79,21079,Garrard,4,21
21,81,21081,Grant,4,21
21,83,21083,Graves,7,21
21,85,21085,Grayson,5,21
21,87,21087,Green,5,21
21,89,21089,Greenup,2,21
21,91,21091,Hancock,5,21
21,93,21093,Hardin,5,21
21,95,21095,Harlan,1,21
21,97,21097,Harrison,4,21
21,99,21099,Hart,5,21
21,101,21101,Henderson,6,21
21,103,21103,Henry,4,21
21,105,21105,Hickman,7,21
21,107,21107,Hopkins,6,21
21,109,21109,Jackson,3,21
21,111,21111,Jefferson,4,21
21,113,21113,Jessamine,4,21
21,115,21115,Johnson,2,21
21,117,21117,Kenton,4,21
21,119,21119,Knott,1,21
21,121,21121,Knox,3,21
21,123,21123,Larue,5,21
21,125,21125,Laurel,3,21
21,127,21127,Lawrence,2,21
21,129,21129,Lee,3,21
21,131,21131,Leslie,1,21
21,133,21133,Letcher,1,21
21,135,21135,Lewis,2,21
21,137,21137,Lincoln,4,21
21,139,21139,Livingston,7,21
21,141,21141,Logan,6,21
21,143,21143,Lyon,7,21
21,145,21145,McCracken,7,21
21,147,21147,McCreary,3,21
21,149,21149,McLean,6,21
21,151,21151,Madison,4,21
21,153,21153,Magoffin,2,21
21,155,21155,Marion,5,21
21,157,21157,Marshall,7,21
21,159,21159,Martin,1,21
21,161,21161,Mason,4,21
21,163,21163,Meade,5,21
21,165,21165,Menifee,2,21
21,167,21167,Mercer,4,21
21,169,21169,Metcalfe,5,21
21,171,21171,Monroe,6,21
21,173,21173,Montgomery,4,21
21,175,21175,Morgan,2,21
21,177,21177,Muhlenberg,6,21
21,179,21179,Nelson,5,21
21,181,21181,Nicholas,4,21
21,183,21183,Ohio,6,21
21,185,21185,Oldham,4,21
21,187,21187,Owen,4,21
21,189,21189,Owsley,3,21
21,191,21191,Pendleton,4,21
21,193,21193,Perry,1,21
21,195,21195,Pike,1,21
21,197,21197,Powell,2,21
21,199,21199,Pulaski,5,21
21,201,21201,Robertson,4,21
21,203,21203,Rockcastle,3,21
21,205,21205,Rowan,2,21
21,207,21207,Russell,5,21
21,209,21209,Scott,4,21
21,211,21211,Shelby,4,21
21,213,21213,Simpson,6,21
21,215,21215,Spencer,4,21
21,217,21217,Taylor,5,21
21,219,21219,Todd,6,21
21,221,21221,Trigg,7,21
21,223,21223,Trimble,4,21
21,225,21225,Union,6,21
21,227,21227,Warren,6,21
21,229,21229,Washington,4,21
21,231,21231,Wayne,5,21
21,233,21233,Webster,6,21
21,235,21235,Whitley,3,21
21,237,21237,Wolfe,2,21
21,239,21239,Woodford,4,21
22,1,22001,Acadia,2,22
22,3,22003,Allen,4,22
22,5,22005,Ascension,2,22
22,7,22007,Assumption,2,22
22,9,22009,Avoyelles,2,22
22,11,22011,Beauregard,4,22
22,13,22013,Bienville,5,22
22,15,22015,Bossier,5,22
22,17,22017,Caddo,5,22
22,19,22019,Calcasieu,4,22
22,21,22021,Caldwell,5,22
22,23,22023,Cameron,2,22
22,25,22025,Catahoula,1,22
22,27,22027,Claiborne,5,22
22,29,22029,Concordia,1,22
22,31,22031,De Soto,5,22
22,33,22033,East Baton Rouge,3,22
22,35,22035,East Carroll,1,22
22,37,22037,East Feliciana,3,22
22,39,22039,Evangeline,4,22
22,41,22041,Franklin,1,22
22,43,22043,Grant,4,22
22,45,22045,Iberia,2,22
22,47,22047,Iberville,2,22
22,49,22049,Jackson,5,22
22,51,22051,Jefferson,2,22
22,53,22053,Jefferson Davis,4,22
22,55,22055,Lafayette,2,22
22,57,22057,Lafourche,2,22
22,59,22059,La Salle,4,22
22,61,22061,Lincoln,5,22
22,63,22063,Livingston,3,22
22,65,22065,Madison,1,22
22,67,22067,Morehouse,1,22
22,69,22069,Natchitoches,4,22
22,71,22071,Orleans,2,22
22,73,22073,Ouachita,5,22
22,75,22075,Plaquemines,2,22
22,77,22077,Pointe Coupee,2,22
22,79,22079,Rapides,4,22
22,81,22081,Red River,5,22
22,83,22083,Richland,1,22
22,85,22085,Sabine,4,22
22,87,22087,St. Bernard,2,22
22,89,22089,St. Charles,2,22
22,91,22091,St. Helena,3,22
22,93,22093,St. James,2,22
22,95,22095,St. John the Baptist,2,22
22,97,22097,St. Landry,2,22
22,99,22099,St. Martin,2,22
22,101,22101,St. Mary,2,22
22,103,22103,St. Tammany,3,22
22,105,22105,Tangipahoa,3,22
22,107,22107,Tensas,1,22
22,109,22109,Terrebonne,2,22
22,111,22111,Union,5,22
22,113,22113,Vermilion,2,22
22,115,22115,Vernon,4,22
22,117,22117,Washington,3,22
22,119,22119,Webster,5,22
22,121,22121,West Baton Rouge,2,22
22,123,22123,West Carroll,1,22
22,125,22125,West Feliciana,2,22
22,127,22127,Winn,5,22
23,1,23001,Androscoggin,7,23
23,3,23003,Aroostook,1,23
23,5,23005,Cumberland,7,23
23,7,23007,Franklin,8,23
23,9,23009,Hancock,2,23
23,11,23011,Kennebec,6,23
23,13,23013,Knox,6,23
23,15,23015,Lincoln,6,23
23,17,23017,Oxford,8,23
23,19,23019,Penobscot,3,23
23,21,23021,Piscataquis,9,23
23,23,23023,Sagadahoc,7,23
23,25,23025,Somerset,4,23
23,27,23027,Waldo,6,23
23,29,23029,Washington,5,23
23,31,23031,York,7,23
24,1,24001,Allegany,1,24
24,3,24003,Anne Arundel,3,24
24,5,24005,Baltimore,2,24
24,9,24009,Calvert,3,24
24,11,24011,Caroline,4,24
24,13,24013,Carroll,2,24
24,15,24015,Cecil,2,24
24,17,24017,Charles,3,24
24,19,24019,Dorchester,4,24
24,21,24021,Frederick,1,24
24,23,24023,Garrett,1,24
24,25,24025,Harford,2,24
24,27,24027,Howard,2,24
24,29,24029,Kent,4,24
24,31,24031,Montgomery,2,24
24,33,24033,Prince George's,3,24
24,35,24035,Queen Anne's,4,24
24,37,24037,St. Mary's,3,24
24,39,24039,Somerset,4,24
24,41,24041,Talbot,4,24
24,43,24043,Washington,1,24
24,45,24045,Wicomico,4,24
24,47,24047,Worcester,4,24
24,510,24510,Baltimore city,2,24
25,1,25001,Barnstable,1,25
25,3,25003,Berkshire,3,25
25,5,25005,Bristol,1,25
25,7,25007,Dukes,1,25
25,9,25009,Essex,1,25
25,11,25011,Franklin,3,25
25,13,25013,Hampden,3,25
25,15,25015,Hampshire,3,25
25,17,25017,Middlesex,1,25
25,19,25019,Nantucket,1,25
25,21,25021,Norfolk,1,25
25,23,25023,Plymouth,1,25
25,25,25025,Suffolk,1,25
25,27,25027,Worcester,2,25
26,1,26001,Alcona,3,26
26,3,26003,Alger,2,26
26,5,26005,Allegan,4,26
26,7,26007,Alpena,3,26
26,9,26009,Antrim,3,26
26,11,26011,Arenac,3,26
26,13,26013,Baraga,1,26
26,15,26015,Barry,4,26
26,17,26017,Bay,3,26
26,19,26019,Benzie,3,26
26,21,26021,Berrien,4,26
26,23,26023,Branch,4,26
26,25,26025,Calhoun,4,26
26,27,26027,Cass,4,26
26,29,26029,Charlevoix,3,26
26,31,26031,Cheboygan,3,26
26,33,26033,Chippewa,2,26
26,35,26035,Clare,3,26
26,37,26037,Clinton,4,26
26,39,26039,Crawford,3,26
26,41,26041,Delta,2,26
26,43,26043,Dickinson,1,26
26,45,26045,Eaton,4,26
26,47,26047,Emmet,3,26
26,49,26049,Genesee,4,26
26,51,26051,Gladwin,3,26
26,53,26053,Gogebic,1,26
26,55,26055,Grand Traverse,3,26
26,57,26057,Gratiot,4,26
26,59,26059,Hillsdale,4,26
26,61,26061,Houghton,1,26
26,63,26063,Huron,4,26
26,65,26065,Ingham,4,26
26,67,26067,Ionia,4,26
26,69,26069,Iosco,3,26
26,71,26071,Iron,1,26
26,73,26073,Isabella,3,26
26,75,26075,Jackson,4,26
26,77,26077,Kalamazoo,4,26
26,79,26079,Kalkaska,3,26
26,81,26081,Kent,4,26
26,83,26083,Keweenaw,1,26
26,85,26085,Lake,3,26
26,87,26087,Lapeer,4,26
26,89,26089,Leelanau,3,26
26,91,26091,Lenawee,4,26
26,93,26093,Livingston,4,26
26,95,26095,Luce,2,26
26,97,26097,Mackinac,2,26
26,99,26099,Macomb,4,26
26,101,26101,Manistee,3,26
26,103,26103,Marquette,1,26
26,105,26105,Mason,3,26
26,107,26107,Mecosta,3,26
26,109,26109,Menominee,2,26
26,111,26111,Midland,3,26
26,113,26113,Missaukee,3,26
26,115,26115,Monroe,4,26
26,117,26117,Montcalm,4,26
26,119,26119,Montmorency,3,26
26,121,26121,Muskegon,4,26
26,123,26123,Newaygo,3,26
26,125,26125,Oakland,4,26
26,127,26127,Oceana,3,26
26,129,26129,Ogemaw,3,26
26,131,26131,Ontonagon,1,26
26,133,26133,Osceola,3,26
26,135,26135,Oscoda,3,26
26,137,26137,Otsego,3,26
26,139,26139,Ottawa,4,26
26,141,26141,Presque Isle,3,26
26,143,26143,Roscommon,3,26
26,145,26145,Saginaw,4,26
26,147,26147,St. Clair,4,26
26,149,26149,St. Joseph,4,26
26,151,26151,Sanilac,4,26
26,153,26153,Schoolcraft,2,26
26,155,26155,Shiawassee,4,26
26,157,26157,Tuscola,4,26
26,159,26159,Van Buren,4,26
26,161,26161,Washtenaw,4,26
26,163,26163,Wayne,4,26
26,165,26165,Wexford,3,26
27,1,27001,Aitkin,2,27
27,3,27003,Anoka,3,27
27,5,27005,Becker,2,27
27,7,27007,Beltrami,2,27
27,9,27009,Benton,3,27
27,11,27011,Big Stone,4,27
27,13,27013,Blue Earth,4,27
27,15,27015,Brown,4,27
27,17,27017,Carlton,1,27
27,19,27019,Carver,3,27
27,21,27021,Cass,2,27
27,23,27023,Chippewa,4,27
27,25,27025,Chisago,3,27
27,27,27027,Clay,4,27
27,29,27029,Clearwater,2,27
27,31,27031,Cook,1,27
27,33,27033,Cottonwood,4,27
27,35,27035,Crow Wing,2,27
27,37,27037,Dakota,3,27
27,39,27039,Dodge,4,27
27,41,27041,Douglas,3,27
27,43,27043,Faribault,4,27
27,45,27045,Fillmore,3,27
27,47,27047,Freeborn,4,27
27,49,27049,Goodhue,3,27
27,51,27051,Grant,4,27
27,53,27053,Hennepin,3,27
27,55,27055,Houston,3,27
27,57,27057,Hubbard,2,27
27,59,27059,Isanti,3,27
27,61,27061,Itasca,2,27
27,63,27063,Jackson,4,27
27,65,27065,Kanabec,3,27
27,67,27067,Kandiyohi,4,27
27,69,27069,Kittson,4,27
27,71,27071,Koochiching,1,27
27,73,27073,Lac qui Parle,4,27
27,75,27075,Lake,1,27
27,77,27077,Lake of the Woods,2,27
27,79,27079,Le Sueur,3,27
27,81,27081,Lincoln,4,27
27,83,27083,Lyon,4,27
27,85,27085,McLeod,4,27
27,87,27087,Mahnomen,2,27
27,89,27089,Marshall,4,27
27,91,27091,Martin,4,27
27,93,27093,Meeker,4,27
27,95,27095,Mille Lacs,3,27
27,97,27097,Morrison,3,27
27,99,27099,Mower,4,27
27,101,27101,Murray,4,27
27,103,27103,Nicollet,4,27
27,105,27105,Nobles,4,27
27,107,27107,Norman,4,27
27,109,27109,Olmsted,3,27
27,111,27111,Otter Tail,3,27
27,113,27113,Pennington,4,27
27,115,27115,Pine,3,27
27,117,27117,Pipestone,4,27
27,119,27119,Polk,4,27
27,121,27121,Pope,4,27
27,123,27123,Ramsey,3,27
27,125,27125,Red Lake,4,27
27,127,27127,Redwood,4,27
27,129,27129,Renville,4,27
27,131,27131,Rice,3,27
27,133,27133,Rock,4,27
27,135,27135,Roseau,2,27
27,137,27137,St. Louis,1,27
27,139,27139,Scott,3,27
27,141,27141,Sherburne,3,27
27,143,27143,Sibley,4,27
27,145,27145,Stearns,3,27
27,147,27147,Steele,4,27
27,149,27149,Stevens,4,27
27,151,27151,Swift,4,27
27,153,27153,Todd,3,27
27,155,27155,Traverse,4,27
27,157,27157,Wabasha,3,27
27,159,27159,Wadena,2,27
27,161,27161,Waseca,4,27
27,163,27163,Washington,3,27
27,165,27165,Watonwan,4,27
27,167,27167,Wilkin,4,27
27,169,27169,Winona,3,27
27,171,27171,Wright,3,27
27,173,27173,Yellow Medicine,4,27
28,1,28001,Adams,4,28
28,3,28003,Alcorn,1,28
28,5,28005,Amite,4,28
28,7,28007,Attala,3,28
28,9,28009,Benton,1,28
28,11,28011,Bolivar,2,28
28,13,28013,Calhoun,1,28
28,15,28015,Carroll,1,28
28,17,28017,Chickasaw,1,28
28,19,28019,Choctaw,1,28
28,21,28021,Claiborne,4,28
28,23,28023,Clarke,3,28
28,25,28025,Clay,1,28
28,27,28027,Coahoma,2,28
28,29,28029,Copiah,4,28
28,31,28031,Covington,5,28
28,33,28033,DeSoto,1,28
28,35,28035,Forrest,5,28
28,37,28037,Franklin,4,28
28,39,28039,George,5,28
28,41,28041,Greene,5,28
28,43,28043,Grenada,1,28
28,45,28045,Hancock,5,28
28,47,28047,Harrison,5,28
28,49,28049,Hinds,4,28
28,51,28051,Holmes,2,28
28,53,28053,Humphreys,2,28
28,55,28055,Issaquena,2,28
28,57,28057,Itawamba,1,28
28,59,28059,Jackson,5,28
28,61,28061,Jasper,3,28
28,63,28063,Jefferson,4,28
28,65,28065,Jefferson Davis,5,28
28,67,28067,Jones,5,28
28,69,28069,Kemper,3,28
28,71,28071,Lafayette,1,28
28,73,28073,Lamar,5,28
28,75,28075,Lauderdale,3,28
28,77,28077,Lawrence,5,28
28,79,28079,Leake,3,28
28,81,28081,Lee,1,28
28,83,28083,Leflore,2,28
28,85,28085,Lincoln,4,28
28,87,28087,Lowndes,1,28
28,89,28089,Madison,4,28
28,91,28091,Marion,5,28
28,93,28093,Marshall,1,28
28,95,28095,Monroe,1,28
28,97,28097,Montgomery,1,28
28,99,28099,Neshoba,3,28
28,101,28101,Newton,3,28
28,103,28103,Noxubee,3,28
28,105,28105,Oktibbeha,1,28
28,107,28107,Panola,1,28
28,109,28109,Pearl River,5,28
28,111,28111,Perry,5,28
28,113,28113,Pike,4,28
28,115,28115,Pontotoc,1,28
28,117,28117,Prentiss,1,28
28,119,28119,Quitman,2,28
28,121,28121,Rankin,3,28
28,123,28123,Scott,3,28
28,125,28125,Sharkey,2,28
28,127,28127,Simpson,3,28
28,129,28129,Smith,3,28
28,131,28131,Stone,5,28
28,133,28133,Sunflower,2,28
28,135,28135,Tallahatchie,2,28
28,137,28137,Tate,1,28
28,139,28139,Tippah,1,28
28,141,28141,Tishomingo,1,28
28,143,28143,Tunica,2,28
28,145,28145,Union,1,28
28,147,28147,Walthall,5,28
28,149,28149,Warren,2,28
28,151,28151,Washington,2,28
28,153,28153,Wayne,5,28
28,155,28155,Webster,1,28
28,157,28157,Wilkinson,4,28
28,159,28159,Winston,3,28
28,161,28161,Yalobusha,1,28
28,163,28163,Yazoo,2,28
29,1,29001,Adair,5,29
29,3,29003,Andrew,5,29
29,5,29005,Atchison,5,29
29,7,29007,Audrain,5,29
29,9,29009,Barry,2,29
29,11,29011,Barton,5,29
29,13,29013,Bates,5,29
29,15,29015,Benton,3,29
29,17,29017,Bollinger,1,29
29,19,29019,Boone,4,29
29,21,29021,Buchanan,5,29
29,23,29023,Butler,1,29
29,25,29025,Caldwell,5,29
29,27,29027,Callaway,4,29
29,29,29029,Camden,3,29
29,31,29031,Cape Girardeau,4,29
29,33,29033,Carroll,5,29
29,35,29035,Carter,1,29
29,37,29037,Cass,5,29
29,39,29039,Cedar,3,29
29,41,29041,Chariton,5,29
29,43,29043,Christian,2,29
29,45,29045,Clark,5,29
29,47,29047,Clay,5,29
29,49,29049,Clinton,5,29
29,51,29051,Cole,4,29
29,53,29053,Cooper,5,29
29,55,29055,Crawford,1,29
29,57,29057,Dade,5,29
29,59,29059,Dallas,3,29
29,61,29061,Daviess,5,29
29,63,29063,DeKalb,5,29
29,65,29065,Dent,1,29
29,67,29067,Douglas,2,29
29,69,29069,Dunklin,4,29
29,71,29071,Franklin,4,29
29,73,29073,Gasconade,4,29
29,75,29075,Gentry,5,29
29,77,29077,Greene,5,29
29,79,29079,Grundy,5,29
29,81,29081,Harrison,5,29
29,83,29083,Henry,5,29
29,85,29085,Hickory,3,29
29,87,29087,Holt,5,29
29,89,29089,Howard,4,29
29,91,29091,Howell,2,29
29,93,29093,Iron,1,29
29,95,29095,Jackson,5,29
29,97,29097,Jasper,5,29
29,99,29099,Jefferson,4,29
29,101,29101,Johnson,5,29
29,103,29103,Knox,5,29
29,105,29105,Laclede,3,29
29,107,29107,Lafayette,5,29
29,109,29109,Lawrence,5,29
29,111,29111,Lewis,5,29
29,113,29113,Lincoln,5,29
29,115,29115,Linn,5,29
29,117,29117,Livingston,5,29
29,119,29119,McDonald,2,29
29,121,29121,Macon,5,29
29,123,29123,Madison,1,29
29,125,29125,Maries,3,29
29,127,29127,Marion,5,29
29,129,29129,Mercer,5,29
29,131,29131,Miller,3,29
29,133,29133,Mississippi,4,29
29,135,29135,Moniteau,4,29
29,137,29137,Monroe,5,29
29,139,29139,Montgomery,4,29
29,141,29141,Morgan,3,29
29,143,29143,New Madrid,4,29
29,145,29145,Newton,2,29
29,147,29147,Nodaway,5,29
29,149,29149,Oregon,1,29
29,151,29151,Osage,4,29
29,153,29153,Ozark,2,29
29,155,29155,Pemiscot,4,29
29,157,29157,Perry,4,29
29,159,29159,Pettis,5,29
29,161,29161,Phelps,3,29
29,163,29163,Pike,5,29
29,165,29165,Platte,5,29
29,167,29167,Polk,3,29
29,169,29169,Pulaski,3,29
29,171,29171,Putnam,5,29
29,173,29173,Ralls,5,29
29,175,29175,Randolph,5,29
29,177,29177,Ray,5,29
29,179,29179,Reynolds,1,29
29,181,29181,Ripley,1,29
29,183,29183,St. Charles,4,29
29,185,29185,St. Clair,3,29
29,186,29186,Ste. Genevieve,4,29
29,187,29187,St. Francois,1,29
29,189,29189,St. Louis,4,29
29,195,29195,Saline,5,29
29,197,29197,Schuyler,5,29
29,199,29199,Scotland,5,29
29,201,29201,Scott,4,29
29,203,29203,Shannon,1,29
29,205,29205,Shelby,5,29
29,207,29207,Stoddard,4,29
29,209,29209,Stone,2,29
29,211,29211,Sullivan,5,29
29,213,29213,Taney,2,29
29,215,29215,Texas,2,29
29,217,29217,Vernon,5,29
29,219,29219,Warren,4,29
29,221,29221,Washington,1,29
29,223,29223,Wayne,1,29
29,225,29225,Webster,2,29
29,227,29227,Worth,5,29
29,229,29229,Wright,2,29
29,510,29510,St. Louis city,4,29
30,1,30001,Beaverhead,4,30
30,3,30003,Big Horn,5,30
30,5,30005,Blaine,5,30
30,7,30007,Broadwater,3,30
30,9,30009,Carbon,5,30
30,11,30011,Carter,5,30
30,13,30013,Cascade,3,30
30,15,30015,Chouteau,5,30
30,17,30017,Custer,5,30
30,19,30019,Daniels,5,30
30,21,30021,Dawson,5,30
30,23,30023,Deer Lodge,4,30
30,25,30025,Fallon,5,30
30,27,30027,Fergus,5,30
30,29,30029,Flathead,1,30
30,31,30031,Gallatin,4,30
30,33,30033,Garfield,5,30
30,35,30035,Glacier,5,30
30,37,30037,Golden Valley,5,30
30,39,30039,Granite,2,30
30,41,30041,Hill,5,30
30,43,30043,Jefferson,3,30
30,45,30045,Judith Basin,3,30
30,47,30047,Lake,1,30
30,49,30049,Lewis and Clark,3,30
30,51,30051,Liberty,5,30
30,53,30053,Lincoln,1,30
30,55,30055,McCone,5,30
30,57,30057,Madison,4,30
30,59,30059,Meagher,3,30
30,61,30061,Mineral,2,30
30,63,30063,Missoula,2,30
30,65,30065,Musselshell,5,30
30,67,30067,Park,4,30
30,69,30069,Petroleum,5,30
30,71,30071,Phillips,5,30
30,73,30073,Pondera,5,30
30,75,30075,Powder River,5,30
30,77,30077,Powell,3,30
30,79,30079,Prairie,5,30
30,81,30081,Ravalli,2,30
30,83,30083,Richland,5,30
30,85,30085,Roosevelt,5,30
30,87,30087,Rosebud,5,30
30,89,30089,Sanders,1,30
30,91,30091,Sheridan,5,30
30,93,30093,Silver Bow,4,30
30,95,30095,Stillwater,5,30
30,97,30097,Sweet Grass,5,30
30,99,30099,Teton,5,30
30,101,30101,Toole,5,30
30,103,30103,Treasure,5,30
30,105,30105,Valley,5,30
30,107,30107,Wheatland,3,30
30,109,30109,Wibaux,5,30
30,111,30111,Yellowstone,5,30
30,113,30113,Yellowstone National Park,5,30
31,1,31001,Adams,1,31
31,3,31003,Antelope,2,31
31,5,31005,Arthur,2,31
31,7,31007,Banner,2,31
31,9,31009,Blaine,2,31
31,11,31011,Boone,1,31
31,13,31013,Box Butte,2,31
31,15,31015,Boyd,2,31
31,17,31017,Brown,2,31
31,19,31019,Buffalo,1,31
31,21,31021,Burt,1,31
31,23,31023,Butler,1,31
31,25,31025,Cass,1,31
31,27,31027,Cedar,1,31
31,29,31029,Chase,2,31
31,31,31031,Cherry,2,31
31,33,31033,Cheyenne,2,31
31,35,31035,Clay,1,31
31,37,31037,Colfax,1,31
31,39,31039,Cuming,1,31
31,41,31041,Custer,1,31
31,43,31043,Dakota,1,31
31,45,31045,Dawes,2,31
31,47,31047,Dawson,1,31
31,49,31049,Deuel,2,31
31,51,31051,Dixon,1,31
31,53,31053,Dodge,1,31
31,55,31055,Douglas,1,31
31,57,31057,Dundy,2,31
31,59,31059,Fillmore,1,31
31,61,31061,Franklin,1,31
31,63,31063,Frontier,1,31
31,65,31065,Furnas,1,31
31,67,31067,Gage,1,31
31,69,31069,Garden,2,31
31,71,31071,Garfield,2,31
31,73,31073,Gosper,1,31
31,75,31075,Grant,2,31
31,77,31077,Greeley,1,31
31,79,31079,Hall,1,31
31,81,31081,Hamilton,1,31
31,83,31083,Harlan,1,31
31,85,31085,Hayes,2,31
31,87,31087,Hitchcock,1,31
31,89,31089,Holt,2,31
31,91,31091,Hooker,2,31
31,93,31093,Howard,1,31
31,95,31095,Jefferson,1,31
31,97,31097,Johnson,1,31
31,99,31099,Kearney,1,31
31,101,31101,Keith,2,31
31,103,31103,Keya Paha,2,31
31,105,31105,Kimball,2,31
31,107,31107,Knox,2,31
31,109,31109,Lancaster,1,31
31,111,31111,Lincoln,2,31
31,113,31113,Logan,2,31
31,115,31115,Loup,2,31
31,117,31117,McPherson,2,31
31,119,31119,Madison,1,31
31,121,31121,Merrick,1,31
31,123,31123,Morrill,2,31
31,125,31125,Nance,1,31
31,127,31127,Nemaha,1,31
31,129,31129,Nuckolls,1,31
31,131,31131,Otoe,1,31
31,133,31133,Pawnee,1,31
31,135,31135,Perkins,2,31
31,137,31137,Phelps,1,31
31,139,31139,Pierce,1,31
31,141,31141,Platte,1,31
31,143,31143,Polk,1,31
31,145,31145,Red Willow,1,31
31,147,31147,Richardson,1,31
31,149,31149,Rock,2,31
31,151,31151,Saline,1,31
31,153,31153,Sarpy,1,31
31,155,31155,Saunders,1,31
31,157,31157,Scotts Bluff,2,31
31,159,31159,Seward,1,31
31,161,31161,Sheridan,2,31
31,163,31163,Sherman,1,31
31,165,31165,Sioux,2,31
31,167,31167,Stanton,1,31
31,169,31169,Thayer,1,31
31,171,31171,Thomas,2,31
31,173,31173,Thurston,1,31
31,175,31175,Valley,1,31
31,177,31177,Washington,1,31
31,179,31179,Wayne,1,31
31,181,31181,Webster,1,31
31,183,31183,Wheeler,2,31
31,185,31185,York,1,31
32,1,32001,Churchill,3,32
32,3,32003,Clark,4,32
32,5,32005,Douglas,1,32
32,7,32007,Elko,2,32
32,9,32009,Esmeralda,4,32
32,11,32011,Eureka,3,32
32,13,32013,Humboldt,2,32
32,15,32015,Lander,3,32
32,17,32017,Lincoln,4,32
32,19,32019,Lyon,1,32
32,21,32021,Mineral,4,32
32,23,32023,Nye,4,32
32,27,32027,Pershing,3,32
32,29,32029,Storey,1,32
32,31,32031,Washoe,1,32
32,33,32033,White Pine,3,32
32,510,32510,Carson City,1,32
33,1,33001,Belknap,2,33
33,3,33003,Carroll,1,33
33,5,33005,Cheshire,2,33
33,7,33007,Coos,1,33
33,9,33009,Grafton,1,33
33,11,33011,Hillsborough,2,33
33,13,33013,Merrimack,2,33
33,15,33015,Rockingham,2,33
33,17,33017,Strafford,2,33
33,19,33019,Sullivan,2,33
34,1,34001,Atlantic,2,34
34,3,34003,Bergen,1,34
34,5,34005,Burlington,2,34
34,7,34007,Camden,2,34
34,9,34009,Cape May,2,34
34,11,34011,Cumberland,2,34
34,13,34013,Essex,1,34
34,15,34015,Gloucester,2,34
34,17,34017,Hudson,1,34
34,19,34019,Hunterdon,1,34
34,21,34021,Mercer,1,34
34,23,34023,Middlesex,1,34
34,25,34025,Monmouth,2,34
34,27,34027,Morris,1,34
34,29,34029,Ocean,2,34
34,31,34031,Passaic,1,34
34,33,34033,Salem,2,34
34,35,34035,Somerset,1,34
34,37,34037,Sussex,1,34
34,39,34039,Union,1,34
34,41,34041,Warren,1,34
35,1,35001,Bernalillo,1,35
35,3,35003,Catron,3,35
35,5,35005,Chaves,4,35
35,6,35006,Cibola,1,35
35,7,35007,Colfax,2,35
35,9,35009,Curry,4,35
35,11,35011,DeBaca,4,35
35,13,35013,Dona Ana,3,35
35,15,35015,Eddy,4,35
35,17,35017,Grant,3,35
35,19,35019,Guadalupe,2,35
35,21,35021,Harding,2,35
35,23,35023,Hidalgo,3,35
35,25,35025,Lea,4,35
35,27,35027,Lincoln,4,35
35,28,35028,Los Alamos,1,35
35,29,35029,Luna,3,35
35,31,35031,McKinley,1,35
35,33,35033,Mora,2,35
35,35,35035,Otero,4,35
35,37,35037,Quay,2,35
35,39,35039,Rio Arriba,1,35
35,41,35041,Roosevelt,4,35
35,43,35043,Sandoval,1,35
35,45,35045,San Juan,1,35
35,47,35047,San Miguel,2,35
35,49,35049,Santa Fe,1,35
35,51,35051,Sierra,3,35
35,53,35053,Socorro,3,35
35,55,35055,Taos,1,35
35,57,35057,Torrance,2,35
35,59,35059,Union,2,35
35,61,35061,Valencia,1,35
36,1,36001,Albany,5,36
36,3,36003,Allegany,6,36
36,5,36005,Bronx,8,36
36,7,36007,Broome,7,36
36,9,36009,Cattaraugus,6,36
36,11,36011,Cayuga,4,36
36,13,36013,Chautauqua,6,36
36,15,36015,Chemung,7,36
36,17,36017,Chenango,7,36
36,19,36019,Clinton,1,36
36,21,36021,Columbia,5,36
36,23,36023,Cortland,7,36
36,25,36025,Delaware,7,36
36,27,36027,Dutchess,8,36
36,29,36029,Erie,4,36
36,31,36031,Essex,2,36
36,33,36033,Franklin,1,36
36,35,36035,Fulton,3,36
36,37,36037,Genesee,4,36
36,39,36039,Greene,8,36
36,41,36041,Hamilton,2,36
36,43,36043,Herkimer,3,36
36,45,36045,Jefferson,1,36
36,47,36047,Kings,8,36
36,49,36049,Lewis,3,36
36,51,36051,Livingston,4,36
36,53,36053,Madison,4,36
36,55,36055,Monroe,4,36
36,57,36057,Montgomery,5,36
36,59,36059,Nassau,8,36
36,61,36061,New York,8,36
36,63,36063,Niagara,4,36
36,65,36065,Oneida,3,36
36,67,36067,Onondaga,4,36
36,69,36069,Ontario,4,36
36,71,36071,Orange,8,36
36,73,36073,Orleans,4,36
36,75,36075,Oswego,4,36
36,77,36077,Otsego,7,36
36,79,36079,Putnam,8,36
36,81,36081,Queens,8,36
36,83,36083,Rensselaer,5,36
36,85,36085,Richmond,8,36
36,87,36087,Rockland,8,36
36,89,36089,St. Lawrence,1,36
36,91,36091,Saratoga,5,36
36,93,36093,Schenectady,5,36
36,95,36095,Schoharie,8,36
36,97,36097,Schuyler,7,36
36,99,36099,Seneca,4,36
36,101,36101,Steuben,6,36
36,103,36103,Suffolk,8,36
36,105,36105,Sullivan,8,36
36,107,36107,Tioga,7,36
36,109,36109,Tompkins,7,36
36,111,36111,Ulster,8,36
36,113,36113,Warren,2,36
36,115,36115,Washington,5,36
36,117,36117,Wayne,4,36
36,119,36119,Westchester,8,36
36,121,36121,Wyoming,4,36
36,123,36123,Yates,4,36
37,1,37001,Alamance,3,37
37,3,37003,Alexander,3,37
37,5,37005,Alleghany,4,37
37,7,37007,Anson,3,37
37,9,37009,Ashe,4,37
37,11,37011,Avery,4,37
37,13,37013,Beaufort,1,37
37,15,37015,Bertie,1,37
37,17,37017,Bladen,2,37
37,19,37019,Brunswick,2,37
37,21,37021,Buncombe,4,37
37,23,37023,Burke,4,37
37,25,37025,Cabarrus,3,37
37,27,37027,Caldwell,4,37
37,29,37029,Camden,1,37
37,31,37031,Carteret,1,37
37,33,37033,Caswell,3,37
37,35,37035,Catawba,3,37
37,37,37037,Chatham,3,37
37,39,37039,Cherokee,4,37
37,41,37041,Chowan,1,37
37,43,37043,Clay,4,37
37,45,37045,Cleveland,3,37
37,47,37047,Columbus,2,37
37,49,37049,Craven,1,37
37,51,37051,Cumberland,2,37
37,53,37053,Currituck,1,37
37,55,37055,Dare,1,37
37,57,37057,Davidson,3,37
37,59,37059,Davie,3,37
37,61,37061,Duplin,2,37
37,63,37063,Durham,3,37
37,65,37065,Edgecombe,1,37
37,67,37067,Forsyth,3,37
37,69,37069,Franklin,3,37
37,71,37071,Gaston,3,37
37,73,37073,Gates,1,37
37,75,37075,Graham,4,37
37,77,37077,Granville,3,37
37,79,37079,Greene,2,37
37,81,37081,Guilford,3,37
37,83,37083,Halifax,1,37
37,85,37085,Harnett,2,37
37,87,37087,Haywood,4,37
37,89,37089,Henderson,4,37
37,91,37091,Hertford,1,37
37,93,37093,Hoke,2,37
37,95,37095,Hyde,1,37
37,97,37097,Iredell,3,37
37,99,37099,Jackson,4,37
37,101,37101,Johnston,2,37
37,103,37103,Jones,2,37
37,105,37105,Lee,2,37
37,107,37107,Lenoir,2,37
37,109,37109,Lincoln,3,37
37,111,37111,McDowell,4,37
37,113,37113,Macon,4,37
37,115,37115,Madison,4,37
37,117,37117,Martin,1,37
37,119,37119,Mecklenburg,3,37
37,121,37121,Mitchell,4,37
37,123,37123,Montgomery,3,37
37,125,37125,Moore,2,37
37,127,37127,Nash,1,37
37,129,37129,New Hanover,2,37
37,131,37131,Northampton,1,37
37,133,37133,Onslow,2,37
37,135,37135,Orange,3,37
37,137,37137,Pamlico,1,37
37,139,37139,Pasquotank,1,37
37,141,37141,Pender,2,37
37,143,37143,Perquimans,1,37
37,145,37145,Person,3,37
37,147,37147,Pitt,1,37
37,149,37149,Polk,3,37
37,151,37151,Randolph,3,37
37,153,37153,Richmond,2,37
37,155,37155,Robeson,2,37
37,157,37157,Rockingham,3,37
37,159,37159,Rowan,3,37
37,161,37161,Rutherford,3,37
37,163,37163,Sampson,2,37
37,165,37165,Scotland,2,37
37,167,37167,Stanly,3,37
37,169,37169,Stokes,3,37
37,171,37171,Surry,3,37
37,173,37173,Swain,4,37
37,175,37175,Transylvania,4,37
37,177,37177,Tyrrell,1,37
37,179,37179,Union,3,37
37,181,37181,Vance,3,37
37,183,37183,Wake,3,37
37,185,37185,Warren,3,37
37,187,37187,Washington,1,37
37,189,37189,Watauga,4,37
37,191,37191,Wayne,2,37
37,193,37193,Wilkes,4,37
37,195,37195,Wilson,1,37
37,197,37197,Yadkin,3,37
37,199,37199,Yancey,4,37
38,1,38001,Adams,4,38
38,3,38003,Barnes,1,38
38,5,38005,Benson,2,38
38,7,38007,Billings,4,38
38,9,38009,Bottineau,4,38
38,11,38011,Bowman,4,38
38,13,38013,Burke,3,38
38,15,38015,Burleigh,4,38
38,17,38017,Cass,1,38
38,19,38019,Cavalier,1,38
38,21,38021,Dickey,2,38
38,23,38023,Divide,3,38
38,25,38025,Dunn,4,38
38,27,38027,Eddy,1,38
38,29,38029,Emmons,4,38
38,31,38031,Foster,2,38
38,33,38033,Golden Valley,4,38
38,35,38035,Grand Forks,1,38
38,37,38037,Grant,4,38
38,39,38039,Griggs,1,38
38,41,38041,Hettinger,4,38
38,43,38043,Kidder,4,38
38,45,38045,LaMoure,2,38
38,47,38047,Logan,4,38
38,49,38049,McHenry,3,38
38,51,38051,McIntosh,4,38
38,53,38053,McKenzie,4,38
38,55,38055,McLean,4,38
38,57,38057,Mercer,4,38
38,59,38059,Morton,4,38
38,61,38061,Mountrail,4,38
38,63,38063,Nelson,1,38
38,65,38065,Oliver,4,38
38,67,38067,Pembina,1,38
38,69,38069,Pierce,3,38
38,71,38071,Ramsey,2,38
38,73,38073,Ransom,1,38
38,75,38075,Renville,3,38
38,77,38077,Richland,1,38
38,79,38079,Rolette,3,38
38,81,38081,Sargent,1,38
38,83,38083,Sheridan,4,38
38,85,38085,Sioux,4,38
38,87,38087,Slope,4,38
38,89,38089,Stark,4,38
38,91,38091,Steele,1,38
38,93,38093,Stutsman,2,38
38,95,38095,Towner,2,38
38,97,38097,Traill,1,38
38,99,38099,Walsh,1,38
38,101,38101,Ward,3,38
38,103,38103,Wells,2,38
38,105,38105,Williams,4,38
39,1,39001,Adams,4,39
39,3,39003,Allen,6,39
39,5,39005,Ashland,1,39
39,7,39007,Ashtabula,1,39
39,9,39009,Athens,3,39
39,11,39011,Auglaize,6,39
39,13,39013,Belmont,2,39
39,15,39015,Brown,4,39
39,17,39017,Butler,5,39
39,19,39019,Carroll,2,39
39,21,39021,Champaign,6,39
39,23,39023,Clark,5,39
39,25,39025,Clermont,4,39
39,27,39027,Clinton,5,39
39,29,39029,Columbiana,1,39
39,31,39031,Coshocton,2,39
39,33,39033,Crawford,6,39
39,35,39035,Cuyahoga,1,39
39,37,39037,Darke,5,39
39,39,39039,Defiance,6,39
39,41,39041,Delaware,6,39
39,43,39043,Erie,1,39
39,45,39045,Fairfield,5,39
39,47,39047,Fayette,5,39
39,49,39049,Franklin,5,39
39,51,39051,Fulton,6,39
39,53,39053,Gallia,4,39
39,55,39055,Geauga,1,39
39,57,39057,Greene,5,39
39,59,39059,Guernsey,2,39
39,61,39061,Hamilton,5,39
39,63,39063,Hancock,6,39
39,65,39065,Hardin,6,39
39,67,39067,Harrison,2,39
39,69,39069,Henry,6,39
39,71,39071,Highland,4,39
39,73,39073,Hocking,3,39
39,75,39075,Holmes,2,39
39,77,39077,Huron,1,39
39,79,39079,Jackson,4,39
39,81,39081,Jefferson,2,39
39,83,39083,Knox,6,39
39,85,39085,Lake,1,39
39,87,39087,Lawrence,4,39
39,89,39089,Licking,5,39
39,91,39091,Logan,6,39
39,93,39093,Lorain,1,39
39,95,39095,Lucas,6,39
39,97,39097,Madison,5,39
39,99,39099,Mahoning,1,39
39,101,39101,Marion,6,39
39,103,39103,Medina,1,39
39,105,39105,Meigs,3,39
39,107,39107,Mercer,6,39
39,109,39109,Miami,5,39
39,111,39111,Monroe,2,39
39,113,39113,Montgomery,5,39
39,115,39115,Morgan,3,39
39,117,39117,Morrow,6,39
39,119,39119,Muskingum,2,39
39,121,39121,Noble,2,39
39,123,39123,Ottawa,6,39
39,125,39125,Paulding,6,39
39,127,39127,Perry,3,39
39,129,39129,Pickaway,5,39
39,131,39131,Pike,4,39
39,133,39133,Portage,1,39
39,135,39135,Preble,5,39
39,137,39137,Putnam,6,39
39,139,39139,Richland,1,39
39,141,39141,Ross,4,39
39,143,39143,Sandusky,6,39
39,145,39145,Scioto,4,39
39,147,39147,Seneca,6,39
39,149,39149,Shelby,6,39
39,151,39151,Stark,1,39
39,153,39153,Summit,1,39
39,155,39155,Trumbull,1,39
39,157,39157,Tuscarawas,2,39
39,159,39159,Union,6,39
39,161,39161,Van Wert,6,39
39,163,39163,Vinton,3,39
39,165,39165,Warren,5,39
39,167,39167,Washington,3,39
39,169,39169,Wayne,1,39
39,171,39171,Williams,6,39
39,173,39173,Wood,6,39
39,175,39175,Wyandot,6,39
40,1,40001,Adair,1,40.1
40,3,40003,Alfalfa,3,40.2
40,5,40005,Atoka,2,40.1
40,7,40007,Beaver,3,40.2
40,9,40009,Beckham,3,40.2
40,11,40011,Blaine,3,40.2
40,13,40013,Bryan,2,40.1
40,15,40015,Caddo,3,40.2
40,17,40017,Canadian,3,40.2
40,19,40019,Carter,3,40.2
40,21,40021,Cherokee,1,40.1
40,23,40023,Choctaw,2,40.1
40,25,40025,Cimarron,3,40.2
40,27,40027,Cleveland,3,40.2
40,29,40029,Coal,2,40.1
40,31,40031,Comanche,3,40.2
40,33,40033,Cotton,3,40.2
40,35,40035,Craig,3,40.2
40,37,40037,Creek,3,40.2
40,39,40039,Custer,3,40.2
40,41,40041,Delaware,1,40.1
40,43,40043,Dewey,3,40.2
40,45,40045,Ellis,3,40.2
40,47,40047,Garfield,3,40.2
40,49,40049,Garvin,3,40.2
40,51,40051,Grady,3,40.2
40,53,40053,Grant,3,40.2
40,55,40055,Greer,3,40.2
40,57,40057,Harmon,3,40.2
40,59,40059,Harper,3,40.2
40,61,40061,Haskell,2,40.1
40,63,40063,Hughes,3,40.2
40,65,40065,Jackson,3,40.2
40,67,40067,Jefferson,3,40.2
40,69,40069,Johnston,3,40.2
40,71,40071,Kay,3,40.2
40,73,40073,Kingfisher,3,40.2
40,75,40075,Kiowa,3,40.2
40,77,40077,Latimer,2,40.1
40,79,40079,Le Flore,2,40.1
40,81,40081,Lincoln,3,40.2
40,83,40083,Logan,3,40.2
40,85,40085,Love,3,40.2
40,87,40087,McClain,3,40.2
40,89,40089,McCurtain,2,40.1
40,91,40091,McIntosh,1,40.1
40,93,40093,Major,3,40.2
40,95,40095,Marshall,3,40.2
40,97,40097,Mayes,1,40.1
40,99,40099,Murray,3,40.2
40,101,40101,Muskogee,1,40.1
40,103,40103,Noble,3,40.2
40,105,40105,Nowata,3,40.2
40,107,40107,Okfuskee,3,40.2
40,109,40109,Oklahoma,3,40.2
40,111,40111,Okmulgee,3,40.2
40,113,40113,Osage,3,40.2
40,115,40115,Ottawa,1,40.1
40,117,40117,Pawnee,3,40.2
40,119,40119,Payne,3,40.2
40,121,40121,Pittsburg,2,40.1
40,123,40123,Pontotoc,3,40.2
40,125,40125,Pottawatomie,3,40.2
40,127,40127,Pushmataha,2,40.1
40,129,40129,Roger Mills,3,40.2
40,131,40131,Rogers,3,40.2
40,133,40133,Seminole,3,40.2
40,135,40135,Sequoyah,1,40.1
40,137,40137,Stephens,3,40.2
40,139,40139,Texas,3,40.2
40,141,40141,Tillman,3,40.2
40,143,40143,Tulsa,3,40.2
40,145,40145,Wagoner,3,40.2
40,147,40147,Washington,3,40.2
40,149,40149,Washita,3,40.2
40,151,40151,Woods,3,40.2
40,153,40153,Woodward,3,40.2
41,1,41001,Baker,9,41
41,3,41003,Benton,5,41
41,5,41005,Clackamas,3,41
41,7,41007,Clatsop,1,41
41,9,41009,Columbia,4,41
41,11,41011,Coos,2,41
41,13,41013,Crook,7,41
41,15,41015,Curry,2,41
41,17,41017,Deschutes,7,41
41,19,41019,Douglas,2,41
41,19.1,419.1,Douglas East,6,41
41,19.2,419.2,Douglas West,2,41
41,21,41021,Gilliam,8,41
41,23,41023,Grant,9,41
41,25,41025,Harney,9,41
41,27,41027,Hood River,4,41
41,29,41029,Jackson,6,41
41,31,41031,Jefferson,7,41
41,33,41033,Josephine,6,41
41,35,41035,Klamath,8,41
41,37,41037,Lake,8,41
41,39,41039,Lane,1,41
41,39.1,419.1,Lane East,5,41
41,39.2,419.2,Lane West,1,41
41,41,41041,Lincoln,1,41
41,43,41043,Linn,5,41
41,45,41045,Malheur,9,41
41,47,41047,Marion,4,41
41,49,41049,Morrow,9,41
41,51,41051,Multnomah,3,41
41,53,41053,Polk,4,41
41,55,41055,Sherman,8,41
41,57,41057,Tillamook,1,41
41,59,41059,Umatilla,9,41
41,61,41061,Union,9,41
41,63,41063,Wallowa,9,41
41,65,41065,Wasco,8,41
41,67,41067,Washington,3,41
41,69,41069,Wheeler,8,41
41,71,41071,Yamhill,4,41
42,1,42001,Adams,2,42
42,3,42003,Allegheny,6,42
42,5,42005,Armstrong,6,42
42,7,42007,Beaver,6,42
42,9,42009,Bedford,5,42
42,11,42011,Berks,2,42
42,13,42013,Blair,5,42
42,15,42015,Bradford,1,42
42,17,42017,Bucks,2,42
42,19,42019,Butler,6,42
42,21,42021,Cambria,5,42
42,23,42023,Cameron,4,42
42,25,42025,Carbon,1,42
42,27,42027,Centre,4,42
42,29,42029,Chester,2,42
42,31,42031,Clarion,4,42
42,33,42033,Clearfield,4,42
42,35,42035,Clinton,4,42
42,37,42037,Columbia,1,42
42,39,42039,Crawford,6,42
42,41,42041,Cumberland,2,42
42,43,42043,Dauphin,3,42
42,45,42045,Delaware,2,42
42,47,42047,Elk,4,42
42,49,42049,Erie,6,42
42,51,42051,Fayette,5,42
42,53,42053,Forest,4,42
42,55,42055,Franklin,3,42
42,57,42057,Fulton,3,42
42,59,42059,Greene,6,42
42,61,42061,Huntingdon,3,42
42,63,42063,Indiana,6,42
42,65,42065,Jefferson,4,42
42,67,42067,Juniata,3,42
42,69,42069,Lackawanna,1,42
42,71,42071,Lancaster,2,42
42,73,42073,Lawrence,6,42
42,75,42075,Lebanon,2,42
42,77,42077,Lehigh,2,42
42,79,42079,Luzerne,1,42
42,81,42081,Lycoming,4,42
42,83,42083,Mc Kean,4,42
42,85,42085,Mercer,6,42
42,87,42087,Mifflin,3,42
42,89,42089,Monroe,1,42
42,91,42091,Montgomery,2,42
42,93,42093,Montour,1,42
42,95,42095,Northampton,2,42
42,97,42097,Northumberland,1,42
42,99,42099,Perry,3,42
42,101,42101,Philadelphia,2,42
42,103,42103,Pike,1,42
42,105,42105,Potter,4,42
42,107,42107,Schuylkill,1,42
42,109,42109,Snyder,3,42
42,111,42111,Somerset,5,42
42,113,42113,Sullivan,4,42
42,115,42115,Susquehanna,1,42
42,117,42117,Tioga,4,42
42,119,42119,Union,3,42
42,121,42121,Venango,4,42
42,123,42123,Warren,4,42
42,125,42125,Washington,6,42
42,127,42127,Wayne,1,42
42,129,42129,Westmoreland,6,42
42,131,42131,Wyoming,1,42
42,133,42133,York,2,42
44,1,44001,Bristol,2,44
44,3,44003,Kent,3,44
44,5,44005,Newport,5,44
44,7,44007,Providence,1,44
44,9,44009,Washington,4,44
45,1,45001,Abbeville,3,45
45,3,45003,Aiken,2,45
45,5,45005,Allendale,2,45
45,7,45007,Anderson,3,45
45,9,45009,Bamberg,2,45
45,11,45011,Barnwell,2,45
45,13,45013,Beaufort,2,45
45,15,45015,Berkeley,1,45
45,17,45017,Calhoun,2,45
45,19,45019,Charleston,1,45
45,21,45021,Cherokee,3,45
45,23,45023,Chester,3,45
45,25,45025,Chesterfield,1,45
45,27,45027,Clarendon,1,45
45,29,45029,Colleton,2,45
45,31,45031,Darlington,1,45
45,33,45033,Dillon,1,45
45,35,45035,Dorchester,2,45
45,37,45037,Edgefield,3,45
45,39,45039,Fairfield,3,45
45,41,45041,Florence,1,45
45,43,45043,Georgetown,1,45
45,45,45045,Greenville,3,45
45,47,45047,Greenwood,3,45
45,49,45049,Hampton,2,45
45,51,45051,Horry,1,45
45,53,45053,Jasper,2,45
45,55,45055,Kershaw,1,45
45,57,45057,Lancaster,3,45
45,59,45059,Laurens,3,45
45,61,45061,Lee,1,45
45,63,45063,Lexington,2,45
45,65,45065,McCormick,3,45
45,67,45067,Marion,1,45
45,69,45069,Marlboro,1,45
45,71,45071,Newberry,3,45
45,73,45073,Oconee,3,45
45,75,45075,Orangeburg,2,45
45,77,45077,Pickens,3,45
45,79,45079,Richland,1,45
45,81,45081,Saluda,3,45
45,83,45083,Spartanburg,3,45
45,85,45085,Sumter,1,45
45,87,45087,Union,3,45
45,89,45089,Williamsburg,1,45
45,91,45091,York,3,45
46,3,46003,Aurora,2,46
46,5,46005,Beadle,2,46
46,7,46007,Bennett,2,46
46,9,46009,Bon Homme,2,46
46,11,46011,Brookings,2,46
46,13,46013,Brown,2,46
46,15,46015,Brule,2,46
46,17,46017,Buffalo,2,46
46,19,46019,Butte,1,46
46,21,46021,Campbell,2,46
46,23,46023,Charles Mix,2,46
46,25,46025,Clark,2,46
46,27,46027,Clay,2,46
46,29,46029,Codington,2,46
46,31,46031,Corson,2,46
46,33,46033,Custer,1,46
46,35,46035,Davison,2,46
46,37,46037,Day,2,46
46,39,46039,Deuel,2,46
46,41,46041,Dewey,2,46
46,43,46043,Douglas,2,46
46,45,46045,Edmunds,2,46
46,47,46047,Fall River,1,46
46,49,46049,Faulk,2,46
46,51,46051,Grant,2,46
46,53,46053,Gregory,2,46
46,55,46055,Haakon,2,46
46,57,46057,Hamlin,2,46
46,59,46059,Hand,2,46
46,61,46061,Hanson,2,46
46,63,46063,Harding,1,46
46,65,46065,Hughes,2,46
46,67,46067,Hutchinson,2,46
46,69,46069,Hyde,2,46
46,71,46071,Jackson,2,46
46,73,46073,Jerauld,2,46
46,75,46075,Jones,2,46
46,77,46077,Kingsbury,2,46
46,79,46079,Lake,2,46
46,81,46081,Lawrence,1,46
46,83,46083,Lincoln,2,46
46,85,46085,Lyman,2,46
46,87,46087,McCook,2,46
46,89,46089,McPherson,2,46
46,91,46091,Marshall,2,46
46,93,46093,Meade,1,46
46,95,46095,Mellette,2,46
46,97,46097,Miner,2,46
46,99,46099,Minnehaha,2,46
46,101,46101,Moody,2,46
46,103,46103,Pennington,1,46
46,105,46105,Perkins,2,46
46,107,46107,Potter,2,46
46,109,46109,Roberts,2,46
46,111,46111,Sanborn,2,46
46,113,46113,Shannon,1,46
46,115,46115,Spink,2,46
46,117,46117,Stanley,2,46
46,119,46119,Sully,2,46
46,121,46121,Todd,2,46
46,123,46123,Tripp,2,46
46,125,46125,Turner,2,46
46,127,46127,Union,2,46
46,129,46129,Walworth,2,46
46,135,46135,Yankton,2,46
46,137,46137,Ziebach,2,46
47,1,47001,Anderson,1,47
47,3,47003,Bedford,3,47
47,5,47005,Benton,4,47
47,7,47007,Bledsoe,2,47
47,9,47009,Blount,1,47
47,11,47011,Bradley,1,47
47,13,47013,Campbell,2,47
47,15,47015,Cannon,3,47
47,17,47017,Carroll,5,47
47,19,47019,Carter,1,47
47,21,47021,Cheatham,3,47
47,23,47023,Chester,5,47
47,25,47025,Claiborne,1,47
47,27,47027,Clay,3,47
47,29,47029,Cocke,1,47
47,31,47031,Coffee,3,47
47,33,47033,Crockett,5,47
47,35,47035,Cumberland,2,47
47,37,47037,Davidson,3,47
47,39,47039,Decatur,4,47
47,41,47041,DeKalb,3,47
47,43,47043,Dickson,3,47
47,45,47045,Dyer,5,47
47,47,47047,Fayette,5,47
47,49,47049,Fentress,2,47
47,51,47051,Franklin,2,47
47,53,47053,Gibson,5,47
47,55,47055,Giles,3,47
47,57,47057,Grainger,1,47
47,59,47059,Greene,1,47
47,61,47061,Grundy,2,47
47,63,47063,Hamblen,1,47
47,65,47065,Hamilton,1,47
47,67,47067,Hancock,1,47
47,69,47069,Hardeman,5,47
47,71,47071,Hardin,4,47
47,73,47073,Hawkins,1,47
47,75,47075,Haywood,5,47
47,77,47077,Henderson,5,47
47,79,47079,Henry,5,47
47,81,47081,Hickman,4,47
47,83,47083,Houston,4,47
47,85,47085,Humphreys,4,47
47,87,47087,Jackson,3,47
47,89,47089,Jefferson,1,47
47,91,47091,Johnson,1,47
47,93,47093,Knox,1,47
47,95,47095,Lake,5,47
47,97,47097,Lauderdale,5,47
47,99,47099,Lawrence,4,47
47,101,47101,Lewis,4,47
47,103,47103,Lincoln,3,47
47,105,47105,Loudon,1,47
47,107,47107,McMinn,1,47
47,109,47109,McNairy,5,47
47,111,47111,Macon,3,47
47,113,47113,Madison,5,47
47,115,47115,Marion,2,47
47,117,47117,Marshall,3,47
47,119,47119,Maury,3,47
47,121,47121,Meigs,1,47
47,123,47123,Monroe,1,47
47,125,47125,Montgomery,3,47
47,127,47127,Moore,3,47
47,129,47129,Morgan,2,47
47,131,47131,Obion,5,47
47,133,47133,Overton,2,47
47,135,47135,Perry,4,47
47,137,47137,Pickett,2,47
47,139,47139,Polk,1,47
47,141,47141,Putnam,2,47
47,143,47143,Rhea,1,47
47,145,47145,Roane,1,47
47,147,47147,Robertson,3,47
47,149,47149,Rutherford,3,47
47,151,47151,Scott,2,47
47,153,47153,Sequatchie,2,47
47,155,47155,Sevier,1,47
47,157,47157,Shelby,5,47
47,159,47159,Smith,3,47
47,161,47161,Stewart,4,47
47,163,47163,Sullivan,1,47
47,165,47165,Sumner,3,47
47,167,47167,Tipton,5,47
47,169,47169,Trousdale,3,47
47,171,47171,Unicoi,1,47
47,173,47173,Union,1,47
47,175,47175,Van Buren,2,47
47,177,47177,Warren,2,47
47,179,47179,Washington,1,47
47,181,47181,Wayne,4,47
47,183,47183,Weakley,5,47
47,185,47185,White,2,47
47,187,47187,Williamson,3,47
47,189,47189,Wilson,3,47
48,1,48001,Anderson,2,48.1
48,3,48003,Andrews,6,48.2
48,5,48005,Angelina,1,48.1
48,7,48007,Aransas,5,48.2
48,9,48009,Archer,3,48.2
48,11,48011,Armstrong,6,48.2
48,13,48013,Atascosa,5,48.2
48,15,48015,Austin,4,48.2
48,17,48017,Bailey,6,48.2
48,19,48019,Bandera,4,48.2
48,21,48021,Bastrop,4,48.2
48,23,48023,Baylor,3,48.2
48,25,48025,Bee,5,48.2
48,27,48027,Bell,4,48.2
48,29,48029,Bexar,5,48.2
48,31,48031,Blanco,4,48.2
48,33,48033,Borden,6,48.2
48,35,48035,Bosque,4,48.2
48,37,48037,Bowie,2,48.1
48,39,48039,Brazoria,5,48.2
48,41,48041,Brazos,4,48.2
48,43,48043,Brewster,7,48.2
48,45,48045,Briscoe,6,48.2
48,47,48047,Brooks,5,48.2
48,49,48049,Brown,4,48.2
48,51,48051,Burleson,4,48.2
48,53,48053,Burnet,4,48.2
48,55,48055,Caldwell,4,48.2
48,57,48057,Calhoun,5,48.2
48,59,48059,Callahan,4,48.2
48,61,48061,Cameron,5,48.2
48,63,48063,Camp,2,48.1
48,65,48065,Carson,6,48.2
48,67,48067,Cass,2,48.1
48,69,48069,Castro,6,48.2
48,71,48071,Chambers,1,48.1
48,73,48073,Cherokee,2,48.1
48,75,48075,Childress,6,48.2
48,77,48077,Clay,3,48.2
48,79,48079,Cochran,6,48.2
48,81,48081,Coke,7,48.2
48,83,48083,Coleman,4,48.2
48,85,48085,Collin,3,48.2
48,87,48087,Collingsworth,6,48.2
48,89,48089,Colorado,4,48.2
48,91,48091,Comal,4,48.2
48,93,48093,Comanche,4,48.2
48,95,48095,Concho,4,48.2
48,97,48097,Cooke,3,48.2
48,99,48099,Coryell,4,48.2
48,101,48101,Cottle,6,48.2
48,103,48103,Crane,7,48.2
48,105,48105,Crockett,7,48.2
48,107,48107,Crosby,6,48.2
48,109,48109,Culberson,7,48.2
48,111,48111,Dallam,6,48.2
48,113,48113,Dallas,4,48.2
48,115,48115,Dawson,6,48.2
48,117,48117,Deaf Smith,6,48.2
48,119,48119,Delta,3,48.2
48,121,48121,Denton,3,48.2
48,123,48123,DeWitt,5,48.2
48,125,48125,Dickens,6,48.2
48,127,48127,Dimmit,5,48.2
48,129,48129,Donley,6,48.2
48,131,48131,Duval,5,48.2
48,133,48133,Eastland,4,48.2
48,135,48135,Ector,7,48.2
48,137,48137,Edwards,7,48.2
48,139,48139,Ellis,4,48.2
48,141,48141,El Paso,7,48.2
48,143,48143,Erath,4,48.2
48,145,48145,Falls,4,48.2
48,147,48147,Fannin,3,48.2
48,149,48149,Fayette,4,48.2
48,151,48151,Fisher,6,48.2
48,153,48153,Floyd,6,48.2
48,155,48155,Foard,3,48.2
48,157,48157,Fort Bend,5,48.2
48,159,48159,Franklin,2,48.1
48,161,48161,Freestone,4,48.2
48,163,48163,Frio,5,48.2
48,165,48165,Gaines,6,48.2
48,167,48167,Galveston,5,48.2
48,169,48169,Garza,6,48.2
48,171,48171,Gillespie,4,48.2
48,173,48173,Glasscock,7,48.2
48,175,48175,Goliad,5,48.2
48,177,48177,Gonzales,4,48.2
48,179,48179,Gray,6,48.2
48,181,48181,Grayson,3,48.2
48,183,48183,Gregg,2,48.1
48,185,48185,Grimes,1,48.1
48,187,48187,Guadalupe,4,48.2
48,189,48189,Hale,6,48.2
48,191,48191,Hall,6,48.2
48,193,48193,Hamilton,4,48.2
48,195,48195,Hansford,6,48.2
48,197,48197,Hardeman,3,48.2
48,199,48199,Hardin,1,48.1
48,201,48201,Harris,1,48.1
48,203,48203,Harrison,2,48.1
48,205,48205,Hartley,6,48.2
48,207,48207,Haskell,3,48.2
48,209,48209,Hays,4,48.2
48,211,48211,Hemphill,6,48.2
48,213,48213,Henderson,2,48.1
48,215,48215,Hidalgo,5,48.2
48,217,48217,Hill,4,48.2
48,219,48219,Hockley,6,48.2
48,221,48221,Hood,4,48.2
48,223,48223,Hopkins,3,48.2
48,225,48225,Houston,1,48.1
48,227,48227,Howard,6,48.2
48,229,48229,Hudspeth,7,48.2
48,231,48231,Hunt,3,48.2
48,233,48233,Hutchinson,6,48.2
48,235,48235,Irion,7,48.2
48,237,48237,Jack,3,48.2
48,239,48239,Jackson,5,48.2
48,241,48241,Jasper,1,48.1
48,243,48243,Jeff Davis,7,48.2
48,245,48245,Jefferson,1,48.1
48,247,48247,Jim Hogg,5,48.2
48,249,48249,Jim Wells,5,48.2
48,251,48251,Johnson,4,48.2
48,253,48253,Jones,4,48.2
48,255,48255,Karnes,5,48.2
48,257,48257,Kaufman,4,48.2
48,259,48259,Kendall,4,48.2
48,261,48261,Kenedy,5,48.2
48,263,48263,Kent,6,48.2
48,265,48265,Kerr,4,48.2
48,267,48267,Kimble,4,48.2
48,269,48269,King,6,48.2
48,271,48271,Kinney,5,48.2
48,273,48273,Kleberg,5,48.2
48,275,48275,Knox,3,48.2
48,277,48277,Lamar,3,48.2
48,279,48279,Lamb,6,48.2
48,281,48281,Lampasas,4,48.2
48,283,48283,La Salle,5,48.2
48,285,48285,Lavaca,4,48.2
48,287,48287,Lee,4,48.2
48,289,48289,Leon,1,48.1
48,291,48291,Liberty,1,48.1
48,293,48293,Limestone,4,48.2
48,295,48295,Lipscomb,6,48.2
48,297,48297,Live Oak,5,48.2
48,299,48299,Llano,4,48.2
48,301,48301,Loving,7,48.2
48,303,48303,Lubbock,6,48.2
48,305,48305,Lynn,6,48.2
48,307,48307,McCulloch,4,48.2
48,309,48309,McLennan,4,48.2
48,311,48311,McMullen,5,48.2
48,313,48313,Madison,1,48.1
48,315,48315,Marion,2,48.1
48,317,48317,Martin,6,48.2
48,319,48319,Mason,4,48.2
48,321,48321,Matagorda,5,48.2
48,323,48323,Maverick,5,48.2
48,325,48325,Medina,5,48.2
48,327,48327,Menard,4,48.2
48,329,48329,Midland,7,48.2
48,331,48331,Milam,4,48.2
48,333,48333,Mills,4,48.2
48,335,48335,Mitchell,6,48.2
48,337,48337,Montague,3,48.2
48,339,48339,Montgomery,1,48.1
48,341,48341,Moore,6,48.2
48,343,48343,Morris,2,48.1
48,345,48345,Motley,6,48.2
48,347,48347,Nacogdoches,2,48.1
48,349,48349,Navarro,4,48.2
48,351,48351,Newton,1,48.1
48,353,48353,Nolan,6,48.2
48,355,48355,Nueces,5,48.2
48,357,48357,Ochiltree,6,48.2
48,359,48359,Oldham,6,48.2
48,361,48361,Orange,1,48.1
48,363,48363,Palo Pinto,4,48.2
48,365,48365,Panola,2,48.1
48,367,48367,Parker,4,48.2
48,369,48369,Parmer,6,48.2
48,371,48371,Pecos,7,48.2
48,373,48373,Polk,1,48.1
48,375,48375,Potter,6,48.2
48,377,48377,Presidio,7,48.2
48,379,48379,Rains,3,48.2
48,381,48381,Randall,6,48.2
48,383,48383,Reagan,7,48.2
48,385,48385,Real,4,48.2
48,387,48387,Red River,2,48.1
48,389,48389,Reeves,7,48.2
48,391,48391,Refugio,5,48.2
48,393,48393,Roberts,6,48.2
48,395,48395,Robertson,4,48.2
48,397,48397,Rockwall,4,48.2
48,399,48399,Runnels,7,48.2
48,401,48401,Rusk,2,48.1
48,403,48403,Sabine,1,48.1
48,405,48405,San Augustine,1,48.1
48,407,48407,San Jacinto,1,48.1
48,409,48409,San Patricio,5,48.2
48,411,48411,San Saba,4,48.2
48,413,48413,Schleicher,7,48.2
48,415,48415,Scurry,6,48.2
48,417,48417,Shackelford,4,48.2
48,419,48419,Shelby,2,48.1
48,421,48421,Sherman,6,48.2
48,423,48423,Smith,2,48.1
48,425,48425,Somervell,4,48.2
48,427,48427,Starr,5,48.2
48,429,48429,Stephens,4,48.2
48,431,48431,Sterling,7,48.2
48,433,48433,Stonewall,6,48.2
48,435,48435,Sutton,7,48.2
48,437,48437,Swisher,6,48.2
48,439,48439,Tarrant,4,48.2
48,441,48441,Taylor,4,48.2
48,443,48443,Terrell,7,48.2
48,445,48445,Terry,6,48.2
48,447,48447,Throckmorton,3,48.2
48,449,48449,Titus,2,48.1
48,451,48451,Tom Green,7,48.2
48,453,48453,Travis,4,48.2
48,455,48455,Trinity,1,48.1
48,457,48457,Tyler,1,48.1
48,459,48459,Upshur,2,48.1
48,461,48461,Upton,7,48.2
48,463,48463,Uvalde,5,48.2
48,465,48465,Val Verde,7,48.2
48,467,48467,Van Zandt,2,48.1
48,469,48469,Victoria,5,48.2
48,471,48471,Walker,1,48.1
48,473,48473,Waller,1,48.1
48,475,48475,Ward,7,48.2
48,477,48477,Washington,4,48.2
48,479,48479,Webb,5,48.2
48,481,48481,Wharton,5,48.2
48,483,48483,Wheeler,6,48.2
48,485,48485,Wichita,3,48.2
48,487,48487,Wilbarger,3,48.2
48,489,48489,Willacy,5,48.2
48,491,48491,Williamson,4,48.2
48,493,48493,Wilson,5,48.2
48,495,48495,Winkler,7,48.2
48,497,48497,Wise,3,48.2
48,499,48499,Wood,2,48.1
48,501,48501,Yoakum,6,48.2
48,503,48503,Young,3,48.2
48,505,48505,Zapata,5,48.2
48,507,48507,Zavala,5,48.2
49,1,49001,Beaver,5,49
49,3,49003,Box Elder,1,49
49,5,49005,Cache,1,49
49,7,49007,Carbon,4,49
49,9,49009,Daggett,2,49
49,11,49011,Davis,1,49
49,13,49013,Duchesne,2,49
49,15,49015,Emery,4,49
49,17,49017,Garfield,5,49
49,19,49019,Grand,4,49
49,21,49021,Iron,5,49
49,23,49023,Juab,3,49
49,25,49025,Kane,5,49
49,27,49027,Millard,3,49
49,29,49029,Morgan,1,49
49,31,49031,Piute,3,49
49,33,49033,Rich,1,49
49,35,49035,Salt Lake,1,49
49,37,49037,San Juan,4,49
49,39,49039,Sanpete,3,49
49,41,49041,Sevier,3,49
49,43,49043,Summit,1,49
49,45,49045,Tooele,1,49
49,47,49047,Uintah,2,49
49,49,49049,Utah,1,49
49,51,49051,Wasatch,1,49
49,53,49053,Washington,5,49
49,55,49055,Wayne,3,49
49,57,49057,Weber,1,49
50,1,50001,Addison,2,50
50,3,50003,Bennington,2,50
50,5,50005,Caledonia,1,50
50,7,50007,Chittenden,2,50
50,9,50009,Essex,1,50
50,11,50011,Franklin,1,50
50,13,50013,Grand Isle,1,50
50,15,50015,Lamoille,1,50
50,17,50017,Orange,1,50
50,19,50019,Orleans,1,50
50,21,50021,Rutland,2,50
50,23,50023,Washington,1,50
50,25,50025,Windham,2,50
50,27,50027,Windsor,2,50
51,1,51001,Accomack,5,51
51,3,51003,Albemarle,4,51
51,5,51005,Alleghany,2,51
51,7,51007,Amelia,3,51
51,9,51009,Amherst,4,51
51,11,51011,Appomattox,3,51
51,13,51013,Arlington,4,51
51,15,51015,Augusta,2,51
51,17,51017,Bath,2,51
51,19,51019,Bedford,3,51
51,21,51021,Bland,1,51
51,23,51023,Botetourt,2,51
51,25,51025,Brunswick,5,51
51,27,51027,Buchanan,1,51
51,29,51029,Buckingham,3,51
51,31,51031,Campbell,3,51
51,33,51033,Caroline,5,51
51,35,51035,Carroll,1,51
51,36,51036,Charles City,5,51
51,37,51037,Charlotte,3,51
51,41,51041,Chesterfield,5,51
51,43,51043,Clarke,2,51
51,45,51045,Craig,2,51
51,47,51047,Culpeper,4,51
51,49,51049,Cumberland,3,51
51,51,51051,Dickenson,1,51
51,53,51053,Dinwiddie,5,51
51,57,51057,Essex,5,51
51,59,51059,Fairfax,4,51
51,61,51061,Fauquier,4,51
51,63,51063,Floyd,1,51
51,65,51065,Fluvanna,4,51
51,67,51067,Franklin,3,51
51,69,51069,Frederick,2,51
51,71,51071,Giles,1,51
51,73,51073,Gloucester,5,51
51,75,51075,Goochland,4,51
51,77,51077,Grayson,1,51
51,79,51079,Greene,4,51
51,81,51081,Greensville,5,51
51,83,51083,Halifax,3,51
51,85,51085,Hanover,5,51
51,87,51087,Henrico,5,51
51,89,51089,Henry,3,51
51,91,51091,Highland,2,51
51,93,51093,Isle of Wight,5,51
51,95,51095,James City,5,51
51,97,51097,King and Queen,5,51
51,99,51099,King George,5,51
51,101,51101,King William,5,51
51,103,51103,Lancaster,5,51
51,105,51105,Lee,1,51
51,107,51107,Loudoun,4,51
51,109,51109,Louisa,4,51
51,111,51111,Lunenburg,3,51
51,113,51113,Madison,4,51
51,115,51115,Mathews,5,51
51,117,51117,Mecklenburg,3,51
51,119,51119,Middlesex,5,51
51,121,51121,Montgomery,1,51
51,125,51125,Nelson,4,51
51,127,51127,New Kent,5,51
51,131,51131,Northampton,5,51
51,133,51133,Northumberland,5,51
51,135,51135,Nottoway,3,51
51,137,51137,Orange,4,51
51,139,51139,Page,2,51
51,141,51141,Patrick,3,51
51,143,51143,Pittsylvania,3,51
51,145,51145,Powhatan,3,51
51,147,51147,Prince Edward,3,51
51,149,51149,Prince George,5,51
51,153,51153,Prince William,4,51
51,155,51155,Pulaski,1,51
51,157,51157,Rappahannock,4,51
51,159,51159,Richmond,5,51
51,161,51161,Roanoke,2,51
51,163,51163,Rockbridge,2,51
51,165,51165,Rockingham,2,51
51,167,51167,Russell,1,51
51,169,51169,Scott,1,51
51,171,51171,Shenandoah,2,51
51,173,51173,Smyth,1,51
51,175,51175,Southampton,5,51
51,177,51177,Spotsylvania,4,51
51,179,51179,Stafford,4,51
51,181,51181,Surry,5,51
51,183,51183,Sussex,5,51
51,185,51185,Tazewell,1,51
51,187,51187,Warren,2,51
51,191,51191,Washington,1,51
51,193,51193,Westmoreland,5,51
51,195,51195,Wise,1,51
51,197,51197,Wythe,1,51
51,199,51199,York,5,51
51,510,51510,Alexandria,4,51
51,515,51515,Bedford,3,51
51,520,51520,Bristol,1,51
51,530,51530,Buena Vista,2,51
51,540,51540,Charlottesville,4,51
51,550,51550,Chesapeake city,5,51
51,560,51560,Clifton Forge,2,51
51,570,51570,Colonial Heights,5,51
51,580,51580,Covington,2,51
51,590,51590,Danville,3,51
51,595,51595,Emporia,5,51
51,600,51600,Fairfax,4,51
51,610,51610,Falls Church,4,51
51,620,51620,Franklin,5,51
51,630,51630,Fredericksburg,4,51
51,640,51640,Galax,1,51
51,650,51650,Hampton city,5,51
51,660,51660,Harrisonburg,2,51
51,670,51670,Hopewell,5,51
51,678,51678,Lexington,2,51
51,680,51680,Lynchburg,3,51
51,683,51683,Manassas,4,51
51,685,51685,Manassas Park,4,51
51,690,51690,Martinsville,3,51
51,700,51700,Newport News city,5,51
51,710,51710,Norfolk,5,51
51,720,51720,Norton,1,51
51,730,51730,Petersburg,5,51
51,735,51735,Poquoson,5,51
51,740,51740,Portsmouth,5,51
51,750,51750,Radford,1,51
51,760,51760,Richmond,5,51
51,770,51770,Roanoke,2,51
51,775,51775,Salem,2,51
51,780,51780,South Boston,3,51
51,790,51790,Staunton,2,51
51,800,51800,Suffolk city,5,51
51,810,51810,Virginia Beach city,5,51
51,820,51820,Waynesboro,2,51
51,830,51830,Williamsburg,5,51
51,840,51840,Winchester,2,51
53,1,53001,Adams,4,53
53,3,53003,Asotin,4,53
53,5,53005,Benton,4,53
53,7,53007,Chelan,5,53
53,9,53009,Clallam,1,53
53,11,53011,Clark,2,53
53,13,53013,Columbia,4,53
53,15,53015,Cowlitz,2,53
53,17,53017,Douglas,5,53
53,19,53019,Ferry,4,53
53,21,53021,Franklin,4,53
53,23,53023,Garfield,4,53
53,25,53025,Grant,4,53
53,27,53027,Grays Harbor,1,53
53,29,53029,Island,3,53
53,31,53031,Jefferson,1,53
53,33,53033,King,3,53
53,35,53035,Kitsap,3,53
53,37,53037,Kittitas,5,53
53,39,53039,Klickitat,5,53
53,41,53041,Lewis,2,53
53,43,53043,Lincoln,4,53
53,45,53045,Mason,1,53
53,47,53047,Okanogan,5,53
53,49,53049,Pacific,2,53
53,51,53051,Pend Oreille,4,53
53,53,53053,Pierce,3,53
53,55,53055,San Juan,3,53
53,57,53057,Skagit,3,53
53,59,53059,Skamania,2,53
53,61,53061,Snohomish,3,53
53,63,53063,Spokane,4,53
53,65,53065,Stevens,4,53
53,67,53067,Thurston,1,53
53,69,53069,Wahkiakum,2,53
53,71,53071,Walla Walla,4,53
53,73,53073,Whatcom,3,53
53,75,53075,Whitman,4,53
53,77,53077,Yakima,5,53
54,1,54001,Barbour,2,54
54,3,54003,Berkeley,2,54
54,5,54005,Boone,3,54
54,7,54007,Braxton,2,54
54,9,54009,Brooke,1,54
54,11,54011,Cabell,1,54
54,13,54013,Calhoun,1,54
54,15,54015,Clay,3,54
54,17,54017,Doddridge,1,54
54,19,54019,Fayette,3,54
54,21,54021,Gilmer,1,54
54,23,54023,Grant,2,54
54,25,54025,Greenbrier,3,54
54,27,54027,Hampshire,2,54
54,29,54029,Hancock,1,54
54,31,54031,Hardy,2,54
54,33,54033,Harrison,2,54
54,35,54035,Jackson,1,54
54,37,54037,Jefferson,2,54
54,39,54039,Kanawha,3,54
54,41,54041,Lewis,2,54
54,43,54043,Lincoln,1,54
54,45,54045,Logan,3,54
54,47,54047,McDowell,3,54
54,49,54049,Marion,1,54
54,51,54051,Marshall,1,54
54,53,54053,Mason,1,54
54,55,54055,Mercer,3,54
54,57,54057,Mineral,2,54
54,59,54059,Mingo,3,54
54,61,54061,Monongalia,1,54
54,63,54063,Monroe,3,54
54,65,54065,Morgan,2,54
54,67,54067,Nicholas,3,54
54,69,54069,Ohio,1,54
54,71,54071,Pendleton,2,54
54,73,54073,Pleasants,1,54
54,75,54075,Pocahontas,2,54
54,77,54077,Preston,2,54
54,79,54079,Putnam,1,54
54,81,54081,Raleigh,3,54
54,83,54083,Randolph,2,54
54,85,54085,Ritchie,1,54
54,87,54087,Roane,1,54
54,89,54089,Summers,3,54
54,91,54091,Taylor,2,54
54,93,54093,Tucker,2,54
54,95,54095,Tyler,1,54
54,97,54097,Upshur,2,54
54,99,54099,Wayne,1,54
54,101,54101,Webster,2,54
54,103,54103,Wetzel,1,54
54,105,54105,Wirt,1,54
54,107,54107,Wood,1,54
54,109,54109,Wyoming,3,54
55,1,55001,Adams,3,55
55,3,55003,Ashland,2,55
55,5,55005,Barron,2,55
55,7,55007,Bayfield,2,55
55,9,55009,Brown,5,55
55,11,55011,Buffalo,4,55
55,13,55013,Burnett,2,55
55,15,55015,Calumet,5,55
55,17,55017,Chippewa,3,55
55,19,55019,Clark,3,55
55,21,55021,Columbia,5,55
55,23,55023,Crawford,4,55
55,25,55025,Dane,5,55
55,27,55027,Dodge,5,55
55,29,55029,Door,5,55
55,31,55031,Douglas,2,55
55,33,55033,Dunn,4,55
55,35,55035,Eau Claire,3,55
55,37,55037,Florence,1,55
55,39,55039,Fond du Lac,5,55
55,41,55041,Forest,1,55
55,43,55043,Grant,4,55
55,45,55045,Green,5,55
55,47,55047,Green Lake,5,55
55,49,55049,Iowa,4,55
55,51,55051,Iron,2,55
55,53,55053,Jackson,3,55
55,55,55055,Jefferson,5,55
55,57,55057,Juneau,3,55
55,59,55059,Kenosha,5,55
55,61,55061,Kewaunee,5,55
55,63,55063,La Crosse,4,55
55,65,55065,Lafayette,4,55
55,67,55067,Langlade,1,55
55,69,55069,Lincoln,1,55
55,71,55071,Manitowoc,5,55
55,73,55073,Marathon,3,55
55,75,55075,Marinette,1,55
55,77,55077,Marquette,3,55
55,78,55078,Menominee,1,55
55,79,55079,Milwaukee,5,55
55,81,55081,Monroe,3,55
55,83,55083,Oconto,1,55
55,85,55085,Oneida,1,55
55,87,55087,Outagamie,5,55
55,89,55089,Ozaukee,5,55
55,91,55091,Pepin,4,55
55,93,55093,Pierce,4,55
55,95,55095,Polk,2,55
55,97,55097,Portage,3,55
55,99,55099,Price,2,55
55,101,55101,Racine,5,55
55,103,55103,Richland,4,55
55,105,55105,Rock,5,55
55,107,55107,Rusk,2,55
55,109,55109,St. Croix,4,55
55,111,55111,Sauk,4,55
55,113,55113,Sawyer,2,55
55,115,55115,Shawano,1,55
55,117,55117,Sheboygan,5,55
55,119,55119,Taylor,2,55
55,121,55121,Trempealeau,4,55
55,123,55123,Vernon,4,55
55,125,55125,Vilas,1,55
55,127,55127,Walworth,5,55
55,129,55129,Washburn,2,55
55,131,55131,Washington,5,55
55,133,55133,Waukesha,5,55
55,135,55135,Waupaca,3,55
55,137,55137,Waushara,3,55
55,139,55139,Winnebago,5,55
55,141,55141,Wood,3,55
56,1,56001,Albany,2,56
56,3,56003,Big Horn,2,56
56,5,56005,Campbell,1,56
56,7,56007,Carbon,2,56
56,9,56009,Converse,2,56
56,11,56011,Crook,1,56
56,13,56013,Fremont,3,56
56,15,56015,Goshen,2,56
56,17,56017,Hot Springs,3,56
56,19,56019,Johnson,2,56
56,21,56021,Laramie,2,56
56,23,56023,Lincoln,3,56
56,25,56025,Natrona,2,56
56,27,56027,Niobrara,2,56
56,29,56029,Park,3,56
56,31,56031,Platte,2,56
56,33,56033,Sheridan,2,56
56,35,56035,Sublette,3,56
56,37,56037,Sweetwater,3,56
56,39,56039,Teton,3,56
56,41,56041,Uinta,3,56
56,43,56043,Washakie,2,56
56,45,56045,Weston,1,56
72,1,72001,Adjuntas,1,72
72,3,72003,Aguada,1,72
72,5,72005,Aguadilla,1,72
72,7,72007,Aguas Buenas,1,72
72,9,72009,Aibonito,1,72
72,11,72011,Anasco,1,72
72,13,72013,Arecibo,1,72
72,15,72015,Arroyo,1,72
72,17,72017,Barceloneta,1,72
72,19,72019,Barranquitas,1,72
72,21,72021,Bayamon,1,72
72,23,72023,Cabo Rojo,1,72
72,25,72025,Caguas,1,72
72,27,72027,Camuy,1,72
72,29,72029,Canovanas,1,72
72,31,72031,Carolina,1,72
72,33,72033,Catano,1,72
72,35,72035,Cayey,1,72
72,37,72037,Ceiba,1,72
72,39,72039,Ciales,1,72
72,41,72041,Cidra,1,72
72,43,72043,Coamo,1,72
72,45,72045,Comerio,1,72
72,47,72047,Corozal,1,72
72,49,72049,Culebra,1,72
72,51,72051,Dorado,1,72
72,53,72053,Fajardo,1,72
72,54,72054,Florida,1,72
72,55,72055,Guanica,1,72
72,57,72057,Guayama,1,72
72,59,72059,Guayanilla,1,72
72,61,72061,Guaynabo,1,72
72,63,72063,Gurabo,1,72
72,65,72065,Hatillo,1,72
72,67,72067,Hormigueros,1,72
72,69,72069,Humacao,1,72
72,71,72071,Isabela,1,72
72,73,72073,Jayuya,1,72
72,75,72075,Juana Diaz,1,72
72,77,72077,Juncos,1,72
72,79,72079,Lajas,1,72
72,81,72081,Lares,1,72
72,83,72083,Las Marias,1,72
72,85,72085,Las Piedras,1,72
72,87,72087,Loiza,1,72
72,89,72089,Luquillo,1,72
72,91,72091,Manati,1,72
72,93,72093,Maricao,1,72
72,95,72095,Maunabo,1,72
72,97,72097,Mayaguez,1,72
72,99,72099,Moca,1,72
72,101,72101,Morovis,1,72
72,103,72103,Naguabo,1,72
72,105,72105,Naranjito,1,72
72,107,72107,Orocovis,1,72
72,109,72109,Patillas,1,72
72,111,72111,Penuelas,1,72
72,113,72113,Ponce,1,72
72,115,72115,Quebradillas,1,72
72,117,72117,Rincon,1,72
72,119,72119,Rio Grande,1,72
72,121,72121,Sabana Grande,1,72
72,123,72123,Salinas,1,72
72,125,72125,San German,1,72
72,127,72127,San Juan,1,72
72,129,72129,San Lorenzo,1,72
72,131,72131,San Sebastian,1,72
72,133,72133,Santa Isabel,1,72
72,135,72135,Toa Alta,1,72
72,137,72137,Toa Baja,1,72
72,139,72139,Trujillo Alto,1,72
72,141,72141,Utuado,1,72
72,143,72143,Vega Alta,1,72
72,145,72145,Vega Baja,1,72
72,147,72147,Vieques,1,72
72,149,72149,Villalba,1,72
72,151,72151,Yabucoa,1,72
72,153,72153,Yauco,1,72
